student_id,attendance_percentage
1,94
2,92
3,89
4,79
5,86
6,93
7,87
8,88
9,87
10,92
11,96
12,89
13,88
14,82
15,89
16,80
17,78
18,74
19,93
20,79
21,87
22,83
23,100
24,87
25,75
26,92
27,81
28,87
29,83
30,89
31,89
32,83
33,84
34,85
35,72
36,78
37,100
38,90
39,84
40,72
41,84
42,91
43,100
44,100
45,82
46,85
47,74
48,82
49,83
50,85
51,100
52,75
53,84
54,70
55,86
56,75
57,92
58,82
59,78
60,69
61,77
62,90
63,87
64,81
65,90
66,80
67,64
68,86
69,93
70,97
71,75
72,84
73,89
74,84
75,85
76,79
77,80
78,82
79,95
80,88
81,97
82,88
83,95
84,90
85,89
86,87
87,100
88,89
89,70
90,86
91,81
92,95
93,89
94,83
95,78
96,89
97,80
98,90
99,88
100,100
101,81
102,86
103,87
104,83
105,91
106,82
107,98
108,92
109,81
110,83
111,91
112,84
113,84
114,84
115,84
116,80
117,98
118,89
119,83
120,83
121,85
122,88
123,77
124,71
125,82
126,87
127,83
128,94
129,82
130,97
131,80
132,89
133,82
134,87
135,91
136,88
137,70
138,87
139,81
140,82
141,89
142,76
143,92
144,86
145,99
146,84
147,96
148,96
149,80
150,75
151,85
152,84
153,99
154,82
155,86
156,74
157,87
158,76
159,87
160,92
161,79
162,91
163,82
164,74
165,95
166,82
167,88
168,87
169,87
170,87
171,81
172,96
173,91
174,91
175,75
176,81
177,89
178,74
179,86
180,79
181,78
182,74
183,90
184,92
185,90
186,87
187,85
188,89
189,87
190,69
191,94
192,90
193,85
194,70
195,90
196,86
197,85
198,85
199,96
200,100
201,85
202,90
203,78
204,80
205,87
206,92
207,90
208,98
209,74
210,75
211,96
212,98
213,84
214,55
215,83
216,86
217,78
218,89
219,100
220,98
221,94
222,88
223,85
224,89
225,84
226,88
227,77
228,79
229,89
230,76
231,86
232,87
233,91
234,88
235,88
236,80
237,74
238,82
239,93
240,76
241,77
242,77
243,71
244,80
245,95
246,79
247,76
248,80
249,92
250,71
251,91
252,74
253,85
254,81
255,80
256,84
257,93
258,88
259,84
260,91
261,85
262,79
263,88
264,83
265,82
266,90
267,87
268,89
269,92
270,78
271,95
272,86
273,91
274,83
275,90
276,90
277,94
278,77
279,73
280,89
281,90
282,83
283,91
284,74
285,100
286,93
287,92
288,85
289,80
290,75
291,83
292,78
293,78
294,78
295,90
296,85
297,88
298,87
299,90
300,100
301,90
302,75
303,87
304,84
305,79
306,78
307,87
308,93
309,81
310,91
311,86
312,92
313,96
314,83
315,99
316,80
317,100
318,82
319,88
320,80
321,85
322,100
323,81
324,90
325,86
326,91
327,84
328,86
329,92
330,83
331,100
332,93
333,86
334,83
335,85
336,79
337,96
338,91
339,83
340,91
341,83
342,76
343,87
344,89
345,92
346,74
347,81
348,62
349,80
350,89
351,91
352,76
353,82
354,88
355,96
356,95
357,89
358,86
359,78
360,89
361,99
362,97
363,89
364,86
365,79
366,82
367,89
368,85
369,91
370,91
371,88
372,77
373,77
374,78
375,90
376,74
377,84
378,94
379,93
380,82
381,79
382,90
383,86
384,86
385,80
386,85
387,82
388,93
389,93
390,78
391,79
392,93
393,85
394,76
395,95
396,86
397,99
398,82
399,96
400,74
401,94
402,95
403,99
404,92
405,83
406,76
407,80
408,76
409,82
410,91
411,88
412,82
413,82
414,72
415,85
416,87
417,77
418,84
419,95
420,96
421,78
422,83
423,98
424,82
425,82
426,92
427,95
428,91
429,86
430,89
431,98
432,84
433,85
434,97
435,98
436,100
437,81
438,86
439,81
440,85
441,80
442,84
443,89
444,91
445,75
446,99
447,76
448,77
449,79
450,79
451,82
452,78
453,71
454,85
455,86
456,100
457,87
458,85
459,80
460,87
461,91
462,84
463,88
464,97
465,85
466,75
467,94
468,86
469,76
470,87
471,77
472,87
473,100
474,87
475,92
476,79
477,77
478,100
479,86
480,88
481,92
482,80
483,90
484,89
485,75
486,95
487,93
488,79
489,89
490,82
491,94
492,74
493,100
494,83
495,89
496,94
497,87
498,83
499,80
500,78
501,90
502,87
503,84
504,81
505,88
506,82
507,82
508,90
509,90
510,77
511,84
512,87
513,91
514,79
515,80
516,83
517,79
518,91
519,92
520,95
521,87
522,74
523,89
524,89
525,84
526,75
527,83
528,76
529,91
530,81
531,80
532,73
533,91
534,82
535,85
536,79
537,72
538,84
539,85
540,90
541,82
542,79
543,77
544,84
545,78
546,93
547,89
548,88
549,82
550,85
551,78
552,76
553,88
554,88
555,74
556,85
557,100
558,91
559,99
560,80
561,81
562,91
563,88
564,87
565,79
566,92
567,100
568,73
569,98
570,81
571,82
572,86
573,80
574,84
575,73
576,87
577,100
578,80
579,87
580,83
581,95
582,91
583,90
584,84
585,91
586,64
587,93
588,75
589,82
590,89
591,73
592,92
593,83
594,94
595,78
596,71
597,84
598,92
599,93
600,76
601,73
602,86
603,92
604,87
605,95
606,85
607,75
608,92
609,85
610,90
611,89
612,93
613,84
614,92
615,88
616,83
617,86
618,92
619,83
620,94
621,89
622,87
623,94
624,86
625,84
626,87
627,87
628,90
629,94
630,84
631,79
632,93
633,84
634,90
635,80
636,72
637,85
638,96
639,84
640,78
641,85
642,79
643,66
644,83
645,88
646,96
647,100
648,93
649,91
650,75
651,99
652,93
653,85
654,93
655,92
656,94
657,83
658,79
659,81
660,94
661,71
662,67
663,90
664,86
665,84
666,75
667,72
668,84
669,87
670,84
671,94
672,77
673,80
674,93
675,81
676,82
677,79
678,78
679,86
680,91
681,86
682,80
683,83
684,95
685,78
686,100
687,89
688,83
689,95
690,74
691,94
692,97
693,92
694,69
695,93
696,100
697,95
698,74
699,91
700,100
701,88
702,74
703,90
704,91
705,83
706,76
707,91
708,79
709,87
710,95
711,72
712,90
713,87
714,83
715,88
716,83
717,76
718,76
719,93
720,81
721,92
722,81
723,76
724,89
725,86
726,82
727,86
728,77
729,95
730,93
731,93
732,81
733,84
734,99
735,93
736,100
737,79
738,78
739,85
740,87
741,83
742,81
743,93
744,87
745,75
746,76
747,90
748,100
749,81
750,82
751,100
752,81
753,87
754,97
755,81
756,82
757,81
758,73
759,95
760,84
761,78
762,81
763,95
764,89
765,82
766,91
767,94
768,84
769,82
770,91
771,83
772,95
773,79
774,79
775,78
776,82
777,84
778,79
779,85
780,88
781,74
782,84
783,88
784,80
785,86
786,96
787,97
788,87
789,87
790,80
791,94
792,96
793,76
794,94
795,80
796,82
797,87
798,91
799,86
800,90
801,86
802,87
803,83
804,92
805,79
806,89
807,94
808,89
809,89
810,87
811,92
812,68
813,90
814,98
815,80
816,79
817,97
818,82
819,79
820,89
821,78
822,90
823,78
824,87
825,86
826,100
827,92
828,84
829,75
830,94
831,83
832,82
833,81
834,89
835,79
836,88
837,88
838,85
839,89
840,82
841,83
842,71
843,85
844,83
845,83
846,84
847,94
848,96
849,73
850,81
851,91
852,95
853,78
854,94
855,75
856,92
857,86
858,99
859,81
860,82
861,87
862,73
863,72
864,88
865,95
866,92
867,75
868,87
869,81
870,91
871,92
872,91
873,94
874,83
875,86
876,88
877,75
878,85
879,82
880,82
881,86
882,78
883,80
884,92
885,70
886,92
887,81
888,85
889,95
890,87
891,88
892,84
893,83
894,82
895,93
896,83
897,80
898,85
899,85
900,75
901,88
902,79
903,92
904,71
905,100
906,86
907,78
908,82
909,88
910,94
911,86
912,74
913,80
914,90
915,91
916,92
917,89
918,95
919,97
920,96
921,90
922,78
923,91
924,87
925,93
926,97
927,87
928,83
929,77
930,82
931,85
932,86
933,86
934,91
935,90
936,88
937,78
938,87
939,100
940,86
941,82
942,88
943,92
944,88
945,98
946,87
947,97
948,86
949,95
950,96
951,90
952,90
953,100
954,96
955,82
956,90
957,82
958,98
959,97
960,98
961,79
962,96
963,78
964,77
965,81
966,95
967,77
968,88
969,92
970,90
971,100
972,84
973,81
974,76
975,81
976,80
977,71
978,98
979,84
980,100
981,78
982,85
983,83
984,80
985,94
986,92
987,90
988,93
989,96
990,81
991,80
992,89
993,100
994,93
995,85
996,89
997,80
998,90
999,91
1000,84
1001,83
1002,83
1003,82
1004,75
1005,84
1006,78
1007,75
1008,76
1009,91
1010,94
1011,77
1012,95
1013,80
1014,89
1015,86
1016,88
1017,76
1018,75
1019,78
1020,91
1021,100
1022,81
1023,83
1024,83
1025,84
1026,70
1027,94
1028,88
1029,94
1030,82
1031,85
1032,96
1033,85
1034,85
1035,78
1036,80
1037,77
1038,79
1039,97
1040,97
1041,75
1042,91
1043,82
1044,98
1045,89
1046,88
1047,79
1048,73
1049,89
1050,86
1051,91
1052,80
1053,83
1054,90
1055,91
1056,80
1057,80
1058,74
1059,89
1060,90
1061,82
1062,83
1063,82
1064,100
1065,92
1066,93
1067,90
1068,88
1069,78
1070,77
1071,80
1072,81
1073,84
1074,83
1075,84
1076,80
1077,87
1078,83
1079,86
1080,79
1081,89
1082,80
1083,95
1084,86
1085,87
1086,92
1087,90
1088,94
1089,100
1090,89
1091,88
1092,80
1093,83
1094,94
1095,78
1096,82
1097,86
1098,78
1099,81
1100,100
1101,82
1102,91
1103,72
1104,76
1105,91
1106,96
1107,86
1108,82
1109,87
1110,66
1111,86
1112,77
1113,90
1114,69
1115,80
1116,88
1117,83
1118,85
1119,90
1120,84
1121,77
1122,91
1123,86
1124,90
1125,78
1126,66
1127,78
1128,81
1129,80
1130,78
1131,85
1132,90
1133,92
1134,90
1135,78
1136,84
1137,95
1138,77
1139,93
1140,81
1141,90
1142,91
1143,89
1144,100
1145,82
1146,77
1147,86
1148,83
1149,88
1150,90
1151,84
1152,91
1153,89
1154,100
1155,85
1156,79
1157,94
1158,81
1159,91
1160,83
1161,87
1162,100
1163,97
1164,95
1165,92
1166,79
1167,90
1168,88
1169,85
1170,85
1171,85
1172,90
1173,84
1174,89
1175,70
1176,94
1177,75
1178,77
1179,87
1180,92
1181,99
1182,90
1183,84
1184,89
1185,99
1186,100
1187,83
1188,92
1189,87
1190,83
1191,97
1192,78
1193,68
1194,90
1195,92
1196,86
1197,88
1198,93
1199,85
1200,88
1201,88
1202,70
1203,85
1204,73
1205,88
1206,85
1207,91
1208,86
1209,91
1210,83
1211,95
1212,77
1213,78
1214,93
1215,85
1216,69
1217,94
1218,92
1219,93
1220,85
1221,96
1222,97
1223,95
1224,89
1225,89
1226,81
1227,75
1228,88
1229,88
1230,86
1231,88
1232,86
1233,90
1234,82
1235,81
1236,82
1237,94
1238,76
1239,91
1240,73
1241,82
1242,78
1243,70
1244,91
1245,83
1246,74
1247,84
1248,91
1249,85
1250,87
1251,85
1252,80
1253,84
1254,80
1255,79
1256,81
1257,81
1258,80
1259,76
1260,89
1261,97
1262,84
1263,84
1264,79
1265,91
1266,96
1267,83
1268,80
1269,86
1270,85
1271,84
1272,91
1273,91
1274,82
1275,100
1276,73
1277,82
1278,90
1279,100
1280,80
1281,77
1282,88
1283,82
1284,89
1285,84
1286,78
1287,100
1288,67
1289,100
1290,95
1291,79
1292,100
1293,74
1294,91
1295,69
1296,80
1297,76
1298,83
1299,84
1300,78
1301,74
1302,87
1303,88
1304,87
1305,89
1306,95
1307,87
1308,95
1309,79
1310,79
1311,94
1312,97
1313,88
1314,78
1315,77
1316,93
1317,93
1318,88
1319,100
1320,87
1321,76
1322,86
1323,88
1324,89
1325,97
1326,81
1327,75
1328,88
1329,80
1330,100
1331,91
1332,84
1333,92
1334,89
1335,88
1336,83
1337,87
1338,73
1339,97
1340,64
1341,85
1342,73
1343,84
1344,83
1345,80
1346,65
1347,85
1348,100
1349,82
1350,91
1351,99
1352,71
1353,85
1354,75
1355,78
1356,96
1357,86
1358,94
1359,84
1360,76
1361,89
1362,93
1363,90
1364,87
1365,79
1366,89
1367,97
1368,87
1369,71
1370,95
1371,81
1372,87
1373,91
1374,92
1375,75
1376,85
1377,88
1378,94
1379,91
1380,98
1381,92
1382,87
1383,89
1384,95
1385,75
1386,94
1387,80
1388,78
1389,91
1390,82
1391,91
1392,81
1393,72
1394,91
1395,89
1396,75
1397,79
1398,75
1399,89
1400,94
1401,90
1402,95
1403,84
1404,88
1405,88
1406,85
1407,91
1408,92
1409,81
1410,74
1411,83
1412,86
1413,90
1414,94
1415,75
1416,79
1417,81
1418,93
1419,83
1420,84
1421,88
1422,84
1423,88
1424,97
1425,97
1426,85
1427,87
1428,84
1429,75
1430,95
1431,100
1432,85
1433,78
1434,82
1435,85
1436,80
1437,81
1438,95
1439,85
1440,97
1441,87
1442,80
1443,84
1444,90
1445,80
1446,75
1447,76
1448,92
1449,81
1450,92
1451,78
1452,71
1453,83
1454,100
1455,84
1456,74
1457,73
1458,92
1459,78
1460,99
1461,89
1462,83
1463,96
1464,78
1465,74
1466,78
1467,89
1468,92
1469,85
1470,75
1471,73
1472,81
1473,75
1474,86
1475,98
1476,90
1477,80
1478,79
1479,85
1480,91
1481,99
1482,81
1483,95
1484,99
1485,82
1486,81
1487,81
1488,84
1489,81
1490,90
1491,77
1492,80
1493,90
1494,90
1495,99
1496,75
1497,79
1498,68
1499,76
1500,76
1501,80
1502,82
1503,87
1504,82
1505,91
1506,85
1507,77
1508,76
1509,88
1510,96
1511,100
1512,91
1513,94
1514,87
1515,86
1516,85
1517,83
1518,88
1519,84
1520,87
1521,80
1522,87
1523,77
1524,88
1525,92
1526,92
1527,89
1528,83
1529,87
1530,81
1531,70
1532,92
1533,86
1534,91
1535,84
1536,73
1537,83
1538,90
1539,87
1540,83
1541,72
1542,81
1543,87
1544,72
1545,86
1546,88
1547,96
1548,88
1549,91
1550,90
1551,82
1552,80
1553,81
1554,92
1555,79
1556,81
1557,88
1558,95
1559,93
1560,79
1561,89
1562,100
1563,88
1564,73
1565,82
1566,81
1567,94
1568,93
1569,84
1570,79
1571,88
1572,85
1573,81
1574,86
1575,78
1576,93
1577,72
1578,72
1579,91
1580,79
1581,80
1582,88
1583,89
1584,86
1585,96
1586,84
1587,92
1588,90
1589,100
1590,91
1591,84
1592,88
1593,82
1594,82
1595,75
1596,78
1597,98
1598,76
1599,79
1600,83
1601,84
1602,87
1603,81
1604,87
1605,96
1606,97
1607,82
1608,88
1609,80
1610,79
1611,80
1612,88
1613,78
1614,73
1615,85
1616,72
1617,97
1618,80
1619,95
1620,85
1621,76
1622,92
1623,89
1624,97
1625,85
1626,81
1627,95
1628,91
1629,85
1630,100
1631,82
1632,75
1633,77
1634,86
1635,95
1636,83
1637,95
1638,87
1639,96
1640,87
1641,87
1642,93
1643,80
1644,80
1645,86
1646,100
1647,73
1648,74
1649,82
1650,91
1651,84
1652,80
1653,85
1654,72
1655,92
1656,82
1657,83
1658,87
1659,89
1660,84
1661,91
1662,94
1663,76
1664,82
1665,80
1666,75
1667,88
1668,81
1669,83
1670,83
1671,91
1672,89
1673,100
1674,83
1675,74
1676,84
1677,90
1678,83
1679,78
1680,79
1681,80
1682,76
1683,90
1684,87
1685,94
1686,85
1687,92
1688,81
1689,76
1690,84
1691,77
1692,97
1693,85
1694,78
1695,85
1696,71
1697,94
1698,93
1699,85
1700,86
1701,79
1702,76
1703,72
1704,83
1705,91
1706,81
1707,90
1708,95
1709,77
1710,100
1711,92
1712,88
1713,94
1714,95
1715,86
1716,98
1717,85
1718,91
1719,93
1720,69
1721,87
1722,93
1723,76
1724,90
1725,78
1726,87
1727,87
1728,81
1729,92
1730,81
1731,90
1732,93
1733,82
1734,88
1735,85
1736,82
1737,100
1738,87
1739,86
1740,88
1741,91
1742,75
1743,100
1744,74
1745,96
1746,92
1747,89
1748,82
1749,100
1750,88
1751,84
1752,84
1753,83
1754,88
1755,81
1756,89
1757,83
1758,95
1759,91
1760,84
1761,92
1762,88
1763,74
1764,100
1765,82
1766,89
1767,93
1768,67
1769,79
1770,90
1771,88
1772,93
1773,85
1774,93
1775,89
1776,94
1777,81
1778,87
1779,80
1780,91
1781,86
1782,86
1783,79
1784,85
1785,84
1786,70
1787,68
1788,88
1789,65
1790,87
1791,81
1792,88
1793,83
1794,95
1795,94
1796,77
1797,86
1798,95
1799,83
1800,88
1801,98
1802,80
1803,92
1804,82
1805,68
1806,93
1807,87
1808,88
1809,76
1810,81
1811,92
1812,90
1813,83
1814,90
1815,95
1816,93
1817,85
1818,74
1819,88
1820,78
1821,76
1822,93
1823,94
1824,87
1825,75
1826,97
1827,95
1828,82
1829,80
1830,89
1831,85
1832,100
1833,81
1834,81
1835,99
1836,84
1837,90
1838,93
1839,88
1840,77
1841,84
1842,80
1843,84
1844,89
1845,100
1846,80
1847,82
1848,84
1849,90
1850,73
1851,77
1852,72
1853,78
1854,79
1855,100
1856,86
1857,84
1858,93
1859,91
1860,87
1861,81
1862,80
1863,79
1864,80
1865,86
1866,86
1867,84
1868,85
1869,82
1870,91
1871,81
1872,90
1873,71
1874,86
1875,93
1876,88
1877,83
1878,90
1879,79
1880,87
1881,83
1882,91
1883,74
1884,81
1885,100
1886,67
1887,94
1888,79
1889,90
1890,94
1891,86
1892,94
1893,85
1894,81
1895,94
1896,85
1897,92
1898,92
1899,90
1900,73
1901,82
1902,90
1903,82
1904,85
1905,86
1906,80
1907,83
1908,76
1909,81
1910,77
1911,85
1912,83
1913,82
1914,100
1915,86
1916,86
1917,80
1918,85
1919,86
1920,82
1921,88
1922,94
1923,80
1924,75
1925,77
1926,94
1927,95
1928,89
1929,85
1930,79
1931,82
1932,87
1933,76
1934,74
1935,72
1936,93
1937,76
1938,90
1939,85
1940,88
1941,90
1942,82
1943,85
1944,87
1945,80
1946,95
1947,81
1948,83
1949,74
1950,90
1951,80
1952,85
1953,78
1954,83
1955,70
1956,89
1957,84
1958,85
1959,77
1960,87
1961,84
1962,93
1963,87
1964,95
1965,85
1966,92
1967,87
1968,81
1969,85
1970,82
1971,98
1972,83
1973,84
1974,91
1975,80
1976,93
1977,77
1978,79
1979,83
1980,75
1981,95
1982,82
1983,65
1984,85
1985,88
1986,81
1987,79
1988,87
1989,81
1990,81
1991,77
1992,85
1993,90
1994,87
1995,72
1996,88
1997,89
1998,94
1999,77
2000,84
2001,88
2002,84
2003,88
2004,84
2005,78
2006,79
2007,93
2008,77
2009,76
2010,86
2011,84
2012,79
2013,80
2014,78
2015,80
2016,100
2017,86
2018,78
2019,100
2020,90
2021,89
2022,78
2023,96
2024,90
2025,85
2026,72
2027,88
2028,96
2029,90
2030,81
2031,82
2032,83
2033,78
2034,84
2035,98
2036,93
2037,79
2038,93
2039,89
2040,88
2041,87
2042,77
2043,85
2044,90
2045,76
2046,81
2047,90
2048,78
2049,94
2050,79
2051,86
2052,86
2053,81
2054,82
2055,83
2056,88
2057,81
2058,86
2059,89
2060,76
2061,85
2062,92
2063,69
2064,97
2065,95
2066,73
2067,73
2068,88
2069,80
2070,91
2071,91
2072,89
2073,84
2074,95
2075,93
2076,92
2077,96
2078,81
2079,93
2080,86
2081,90
2082,83
2083,75
2084,95
2085,71
2086,77
2087,81
2088,70
2089,76
2090,86
2091,82
2092,82
2093,82
2094,88
2095,82
2096,73
2097,83
2098,75
2099,90
2100,81
2101,100
2102,91
2103,87
2104,88
2105,69
2106,91
2107,82
2108,85
2109,83
2110,84
2111,83
2112,89
2113,88
2114,88
2115,73
2116,100
2117,86
2118,87
2119,82
2120,78
2121,85
2122,90
2123,97
2124,99
2125,94
2126,76
2127,85
2128,86
2129,81
2130,84
2131,69
2132,90
2133,71
2134,73
2135,77
2136,83
2137,77
2138,81
2139,92
2140,83
2141,91
2142,79
2143,84
2144,83
2145,82
2146,88
2147,71
2148,91
2149,81
2150,86
2151,94
2152,91
2153,86
2154,80
2155,97
2156,75
2157,92
2158,73
2159,94
2160,91
2161,75
2162,91
2163,87
2164,89
2165,87
2166,77
2167,82
2168,96
2169,76
2170,86
2171,92
2172,77
2173,78
2174,79
2175,87
2176,75
2177,83
2178,94
2179,88
2180,83
2181,89
2182,84
2183,87
2184,99
2185,87
2186,100
2187,91
2188,79
2189,100
2190,83
2191,77
2192,100
2193,83
2194,79
2195,80
2196,85
2197,91
2198,69
2199,94
2200,80
2201,81
2202,100
2203,89
2204,87
2205,88
2206,93
2207,99
2208,71
2209,92
2210,99
2211,92
2212,83
2213,80
2214,100
2215,82
2216,95
2217,91
2218,100
2219,86
2220,77
2221,84
2222,74
2223,100
2224,92
2225,93
2226,93
2227,79
2228,87
2229,89
2230,100
2231,80
2232,79
2233,81
2234,79
2235,74
2236,65
2237,75
2238,92
2239,88
2240,94
2241,80
2242,83
2243,95
2244,95
2245,95
2246,89
2247,92
2248,87
2249,83
2250,85
2251,96
2252,75
2253,94
2254,82
2255,79
2256,80
2257,78
2258,84
2259,80
2260,80
2261,86
2262,84
2263,89
2264,82
2265,90
2266,84
2267,92
2268,84
2269,79
2270,82
2271,89
2272,93
2273,86
2274,79
2275,82
2276,80
2277,79
2278,78
2279,86
2280,86
2281,76
2282,82
2283,77
2284,74
2285,81
2286,83
2287,75
2288,87
2289,83
2290,77
2291,87
2292,84
2293,85
2294,97
2295,78
2296,99
2297,86
2298,76
2299,80
2300,84
2301,97
2302,90
2303,88
2304,93
2305,71
2306,90
2307,90
2308,86
2309,73
2310,77
2311,83
2312,92
2313,97
2314,79
2315,75
2316,90
2317,100
2318,96
2319,83
2320,100
2321,89
2322,78
2323,100
2324,78
2325,84
2326,89
2327,88
2328,88
2329,88
2330,92
2331,72
2332,90
2333,86
2334,83
2335,79
2336,70
2337,82
2338,93
2339,90
2340,83
2341,74
2342,90
2343,97
2344,91
2345,77
2346,78
2347,96
2348,76
2349,91
2350,76
2351,82
2352,88
2353,88
2354,88
2355,75
2356,82
2357,87
2358,89
2359,90
2360,91
2361,76
2362,81
2363,100
2364,93
2365,92
2366,87
2367,91
2368,91
2369,73
2370,91
2371,78
2372,89
2373,77
2374,99
2375,82
2376,76
2377,83
2378,82
2379,84
2380,93
2381,84
2382,69
2383,75
2384,100
2385,89
2386,91
2387,82
2388,77
2389,81
2390,89
2391,81
2392,97
2393,84
2394,81
2395,90
2396,95
2397,88
2398,84
2399,71
2400,93
2401,94
2402,81
2403,84
2404,86
2405,99
2406,77
2407,80
2408,79
2409,86
2410,88
2411,85
2412,82
2413,94
2414,85
2415,96
2416,100
2417,82
2418,86
2419,87
2420,98
2421,82
2422,90
2423,86
2424,87
2425,93
2426,85
2427,87
2428,85
2429,84
2430,82
2431,88
2432,92
2433,97
2434,97
2435,80
2436,89
2437,87
2438,80
2439,88
2440,89
2441,76
2442,81
2443,81
2444,73
2445,84
2446,80
2447,85
2448,86
2449,91
2450,87
2451,95
2452,78
2453,79
2454,89
2455,87
2456,96
2457,88
2458,97
2459,83
2460,78
2461,86
2462,83
2463,88
2464,89
2465,80
2466,81
2467,87
2468,71
2469,85
2470,85
2471,90
2472,74
2473,84
2474,95
2475,89
2476,91
2477,90
2478,76
2479,85
2480,87
2481,76
2482,83
2483,64
2484,86
2485,81
2486,98
2487,84
2488,86
2489,87
2490,84
2491,89
2492,70
2493,96
2494,84
2495,97
2496,69
2497,67
2498,82
2499,92
2500,84
2501,88
2502,95
2503,89
2504,85
2505,89
2506,80
2507,88
2508,77
2509,79
2510,88
2511,81
2512,79
2513,91
2514,87
2515,82
2516,83
2517,87
2518,95
2519,85
2520,76
2521,82
2522,81
2523,81
2524,87
2525,92
2526,89
2527,77
2528,85
2529,84
2530,86
2531,89
2532,88
2533,87
2534,92
2535,78
2536,83
2537,92
2538,78
2539,83
2540,93
2541,78
2542,89
2543,85
2544,87
2545,75
2546,92
2547,79
2548,93
2549,80
2550,97
2551,88
2552,98
2553,78
2554,85
2555,92
2556,74
2557,79
2558,91
2559,81
2560,92
2561,89
2562,73
2563,91
2564,75
2565,93
2566,89
2567,81
2568,80
2569,90
2570,78
2571,96
2572,93
2573,99
2574,86
2575,81
2576,86
2577,81
2578,86
2579,87
2580,97
2581,84
2582,78
2583,81
2584,95
2585,73
2586,89
2587,85
2588,82
2589,87
2590,95
2591,86
2592,82
2593,75
2594,83
2595,79
2596,86
2597,84
2598,67
2599,94
2600,79
2601,83
2602,88
2603,97
2604,78
2605,66
2606,92
2607,75
2608,87
2609,87
2610,61
2611,73
2612,85
2613,66
2614,75
2615,89
2616,83
2617,90
2618,87
2619,76
2620,79
2621,89
2622,95
2623,77
2624,86
2625,90
2626,86
2627,82
2628,80
2629,100
2630,85
2631,91
2632,86
2633,82
2634,84
2635,82
2636,82
2637,86
2638,78
2639,80
2640,88
2641,80
2642,82
2643,74
2644,91
2645,88
2646,89
2647,87
2648,73
2649,90
2650,80
2651,77
2652,92
2653,100
2654,98
2655,88
2656,88
2657,82
2658,82
2659,82
2660,90
2661,97
2662,78
2663,70
2664,84
2665,90
2666,100
2667,97
2668,93
2669,82
2670,78
2671,79
2672,79
2673,94
2674,99
2675,90
2676,82
2677,77
2678,83
2679,85
2680,74
2681,90
2682,81
2683,94
2684,84
2685,86
2686,83
2687,86
2688,88
2689,83
2690,76
2691,85
2692,87
2693,98
2694,96
2695,88
2696,84
2697,86
2698,80
2699,88
2700,91
2701,93
2702,81
2703,80
2704,81
2705,70
2706,80
2707,84
2708,91
2709,87
2710,83
2711,81
2712,82
2713,85
2714,89
2715,79
2716,80
2717,86
2718,74
2719,75
2720,74
2721,86
2722,92
2723,89
2724,99
2725,89
2726,90
2727,82
2728,83
2729,100
2730,90
2731,86
2732,80
2733,87
2734,89
2735,92
2736,92
2737,83
2738,83
2739,83
2740,85
2741,93
2742,92
2743,93
2744,98
2745,69
2746,81
2747,84
2748,79
2749,77
2750,76
2751,86
2752,90
2753,89
2754,79
2755,90
2756,94
2757,73
2758,83
2759,86
2760,84
2761,90
2762,74
2763,81
2764,89
2765,72
2766,90
2767,87
2768,89
2769,81
2770,88
2771,76
2772,81
2773,88
2774,78
2775,86
2776,80
2777,90
2778,96
2779,75
2780,84
2781,77
2782,82
2783,89
2784,85
2785,93
2786,90
2787,88
2788,81
2789,89
2790,90
2791,73
2792,77
2793,65
2794,74
2795,82
2796,77
2797,78
2798,94
2799,91
2800,79
2801,94
2802,93
2803,88
2804,86
2805,96
2806,93
2807,76
2808,87
2809,80
2810,92
2811,80
2812,79
2813,91
2814,86
2815,99
2816,78
2817,80
2818,92
2819,75
2820,97
2821,80
2822,88
2823,75
2824,84
2825,78
2826,97
2827,80
2828,78
2829,92
2830,80
2831,93
2832,83
2833,78
2834,88
2835,79
2836,87
2837,94
2838,88
2839,93
2840,75
2841,81
2842,86
2843,94
2844,80
2845,72
2846,77
2847,83
2848,73
2849,95
2850,77
2851,87
2852,80
2853,95
2854,82
2855,85
2856,88
2857,77
2858,92
2859,85
2860,80
2861,83
2862,76
2863,87
2864,86
2865,68
2866,92
2867,94
2868,71
2869,74
2870,90
2871,89
2872,88
2873,78
2874,97
2875,79
2876,86
2877,86
2878,99
2879,85
2880,87
2881,83
2882,76
2883,68
2884,84
2885,78
2886,86
2887,85
2888,85
2889,77
2890,95
2891,87
2892,80
2893,100
2894,87
2895,75
2896,79
2897,77
2898,94
2899,96
2900,89
2901,88
2902,93
2903,86
2904,87
2905,78
2906,83
2907,91
2908,62
2909,80
2910,89
2911,87
2912,81
2913,88
2914,79
2915,79
2916,92
2917,91
2918,80
2919,84
2920,94
2921,84
2922,88
2923,91
2924,82
2925,88
2926,77
2927,91
2928,83
2929,81
2930,79
2931,85
2932,88
2933,82
2934,77
2935,76
2936,86
2937,86
2938,97
2939,84
2940,77
2941,83
2942,93
2943,83
2944,92
2945,85
2946,89
2947,100
2948,75
2949,90
2950,83
2951,81
2952,87
2953,96
2954,93
2955,70
2956,83
2957,91
2958,88
2959,88
2960,77
2961,79
2962,74
2963,72
2964,79
2965,82
2966,83
2967,82
2968,91
2969,82
2970,98
2971,85
2972,91
2973,87
2974,78
2975,82
2976,80
2977,91
2978,87
2979,79
2980,85
2981,90
2982,100
2983,88
2984,88
2985,91
2986,81
2987,76
2988,86
2989,96
2990,93
2991,71
2992,89
2993,73
2994,87
2995,91
2996,72
2997,95
2998,100
2999,84
3000,85
3001,94
3002,80
3003,80
3004,82
3005,84
3006,84
3007,80
3008,86
3009,80
3010,85
3011,83
3012,79
3013,70
3014,86
3015,74
3016,93
3017,84
3018,87
3019,85
3020,86
3021,93
3022,75
3023,73
3024,85
3025,81
3026,91
3027,93
3028,76
3029,88
3030,77
3031,85
3032,75
3033,89
3034,88
3035,80
3036,78
3037,93
3038,85
3039,95
3040,80
3041,97
3042,77
3043,94
3044,85
3045,87
3046,81
3047,93
3048,89
3049,82
3050,69
3051,80
3052,76
3053,87
3054,81
3055,85
3056,80
3057,94
3058,84
3059,89
3060,80
3061,88
3062,81
3063,86
3064,80
3065,89
3066,79
3067,95
3068,97
3069,84
3070,97
3071,89
3072,78
3073,85
3074,92
3075,92
3076,89
3077,85
3078,84
3079,85
3080,79
3081,82
3082,78
3083,85
3084,80
3085,83
3086,81
3087,86
3088,82
3089,85
3090,78
3091,86
3092,92
3093,92
3094,87
3095,82
3096,88
3097,79
3098,86
3099,83
3100,90
3101,93
3102,84
3103,100
3104,87
3105,90
3106,90
3107,75
3108,78
3109,84
3110,84
3111,88
3112,79
3113,88
3114,89
3115,89
3116,84
3117,78
3118,68
3119,77
3120,80
3121,80
3122,88
3123,92
3124,93
3125,91
3126,95
3127,82
3128,85
3129,88
3130,81
3131,81
3132,100
3133,85
3134,96
3135,75
3136,84
3137,91
3138,85
3139,70
3140,82
3141,100
3142,86
3143,92
3144,83
3145,86
3146,88
3147,92
3148,92
3149,87
3150,88
3151,72
3152,72
3153,85
3154,90
3155,93
3156,78
3157,77
3158,91
3159,78
3160,73
3161,81
3162,84
3163,93
3164,90
3165,83
3166,98
3167,85
3168,95
3169,97
3170,86
3171,88
3172,85
3173,91
3174,85
3175,91
3176,95
3177,88
3178,83
3179,87
3180,63
3181,79
3182,95
3183,91
3184,83
3185,85
3186,87
3187,89
3188,100
3189,93
3190,79
3191,83
3192,94
3193,78
3194,84
3195,89
3196,93
3197,92
3198,80
3199,92
3200,91
3201,90
3202,83
3203,84
3204,78
3205,100
3206,89
3207,88
3208,82
3209,90
3210,79
3211,72
3212,84
3213,98
3214,92
3215,78
3216,92
3217,80
3218,87
3219,88
3220,94
3221,77
3222,75
3223,87
3224,81
3225,76
3226,90
3227,82
3228,100
3229,84
3230,82
3231,90
3232,77
3233,88
3234,86
3235,86
3236,86
3237,87
3238,94
3239,100
3240,77
3241,79
3242,89
3243,73
3244,89
3245,85
3246,87
3247,86
3248,90
3249,91
3250,85
3251,75
3252,85
3253,97
3254,86
3255,85
3256,99
3257,79
3258,90
3259,80
3260,92
3261,90
3262,81
3263,82
3264,95
3265,71
3266,81
3267,92
3268,82
3269,85
3270,70
3271,78
3272,93
3273,79
3274,75
3275,95
3276,92
3277,76
3278,85
3279,77
3280,83
3281,89
3282,82
3283,93
3284,90
3285,90
3286,87
3287,74
3288,94
3289,83
3290,77
3291,89
3292,93
3293,92
3294,76
3295,93
3296,84
3297,92
3298,82
3299,95
3300,85
3301,92
3302,73
3303,74
3304,82
3305,94
3306,98
3307,78
3308,84
3309,85
3310,89
3311,90
3312,76
3313,88
3314,70
3315,94
3316,82
3317,76
3318,86
3319,85
3320,97
3321,82
3322,100
3323,90
3324,93
3325,77
3326,97
3327,80
3328,87
3329,97
3330,88
3331,75
3332,92
3333,90
3334,85
3335,73
3336,91
3337,83
3338,89
3339,77
3340,81
3341,91
3342,97
3343,83
3344,94
3345,90
3346,86
3347,81
3348,77
3349,88
3350,84
3351,80
3352,83
3353,83
3354,90
3355,80
3356,90
3357,91
3358,72
3359,86
3360,65
3361,82
3362,87
3363,84
3364,72
3365,76
3366,66
3367,79
3368,92
3369,80
3370,85
3371,84
3372,84
3373,91
3374,87
3375,94
3376,71
3377,92
3378,79
3379,76
3380,83
3381,92
3382,82
3383,79
3384,77
3385,90
3386,89
3387,100
3388,100
3389,89
3390,87
3391,75
3392,100
3393,86
3394,82
3395,91
3396,80
3397,72
3398,88
3399,93
3400,92
3401,88
3402,84
3403,85
3404,85
3405,84
3406,88
3407,95
3408,87
3409,85
3410,89
3411,93
3412,95
3413,83
3414,81
3415,78
3416,89
3417,93
3418,79
3419,91
3420,94
3421,82
3422,90
3423,89
3424,79
3425,89
3426,97
3427,84
3428,94
3429,88
3430,79
3431,83
3432,80
3433,78
3434,86
3435,84
3436,87
3437,86
3438,90
3439,92
3440,76
3441,86
3442,74
3443,87
3444,89
3445,92
3446,89
3447,92
3448,84
3449,83
3450,80
3451,82
3452,79
3453,87
3454,85
3455,87
3456,88
3457,87
3458,91
3459,83
3460,83
3461,88
3462,100
3463,81
3464,88
3465,76
3466,84
3467,83
3468,83
3469,89
3470,81
3471,72
3472,98
3473,94
3474,87
3475,78
3476,85
3477,87
3478,89
3479,90
3480,95
3481,72
3482,82
3483,91
3484,78
3485,93
3486,100
3487,96
3488,89
3489,81
3490,86
3491,79
3492,83
3493,79
3494,84
3495,81
3496,90
3497,90
3498,79
3499,85
3500,85
3501,89
3502,89
3503,94
3504,89
3505,87
3506,74
3507,80
3508,82
3509,87
3510,75
3511,90
3512,90
3513,70
3514,80
3515,91
3516,89
3517,78
3518,77
3519,67
3520,98
3521,84
3522,97
3523,83
3524,86
3525,90
3526,99
3527,88
3528,88
3529,88
3530,81
3531,85
3532,88
3533,98
3534,81
3535,95
3536,83
3537,97
3538,89
3539,88
3540,91
3541,90
3542,91
3543,99
3544,99
3545,87
3546,85
3547,91
3548,75
3549,90
3550,77
3551,92
3552,98
3553,78
3554,84
3555,77
3556,72
3557,83
3558,88
3559,89
3560,89
3561,76
3562,89
3563,78
3564,74
3565,77
3566,91
3567,88
3568,86
3569,82
3570,85
3571,74
3572,94
3573,99
3574,92
3575,89
3576,87
3577,73
3578,78
3579,85
3580,85
3581,84
3582,88
3583,78
3584,100
3585,74
3586,94
3587,82
3588,87
3589,88
3590,85
3591,80
3592,82
3593,89
3594,89
3595,81
3596,93
3597,67
3598,82
3599,82
3600,89
3601,91
3602,74
3603,100
3604,85
3605,91
3606,78
3607,88
3608,95
3609,89
3610,85
3611,84
3612,74
3613,74
3614,92
3615,94
3616,91
3617,78
3618,87
3619,97
3620,75
3621,92
3622,84
3623,78
3624,84
3625,76
3626,71
3627,85
3628,88
3629,93
3630,92
3631,100
3632,98
3633,89
3634,87
3635,93
3636,73
3637,85
3638,71
3639,89
3640,79
3641,100
3642,80
3643,89
3644,81
3645,81
3646,75
3647,79
3648,69
3649,88
3650,85
3651,98
3652,75
3653,98
3654,95
3655,93
3656,90
3657,82
3658,97
3659,82
3660,90
3661,88
3662,82
3663,86
3664,93
3665,77
3666,87
3667,72
3668,77
3669,81
3670,87
3671,94
3672,85
3673,88
3674,83
3675,91
3676,86
3677,84
3678,82
3679,92
3680,100
3681,92
3682,80
3683,80
3684,84
3685,89
3686,84
3687,93
3688,97
3689,84
3690,86
3691,88
3692,91
3693,92
3694,81
3695,84
3696,80
3697,85
3698,88
3699,89
3700,92
3701,94
3702,74
3703,91
3704,87
3705,83
3706,78
3707,94
3708,84
3709,73
3710,88
3711,82
3712,97
3713,87
3714,82
3715,83
3716,83
3717,100
3718,89
3719,74
3720,86
3721,88
3722,76
3723,72
3724,92
3725,82
3726,93
3727,84
3728,85
3729,67
3730,93
3731,86
3732,85
3733,82
3734,99
3735,81
3736,85
3737,88
3738,98
3739,82
3740,79
3741,87
3742,90
3743,92
3744,74
3745,89
3746,74
3747,94
3748,87
3749,82
3750,95
3751,90
3752,90
3753,83
3754,84
3755,81
3756,83
3757,93
3758,81
3759,84
3760,83
3761,94
3762,96
3763,81
3764,93
3765,85
3766,82
3767,81
3768,98
3769,99
3770,90
3771,80
3772,83
3773,83
3774,80
3775,79
3776,87
3777,85
3778,83
3779,86
3780,89
3781,82
3782,87
3783,83
3784,99
3785,81
3786,88
3787,83
3788,86
3789,88
3790,96
3791,81
3792,76
3793,79
3794,91
3795,100
3796,94
3797,75
3798,90
3799,77
3800,86
3801,85
3802,86
3803,88
3804,84
3805,91
3806,84
3807,97
3808,74
3809,86
3810,75
3811,78
3812,80
3813,95
3814,97
3815,94
3816,88
3817,89
3818,97
3819,93
3820,88
3821,98
3822,90
3823,90
3824,81
3825,84
3826,82
3827,87
3828,90
3829,74
3830,70
3831,81
3832,81
3833,92
3834,82
3835,90
3836,87
3837,77
3838,94
3839,79
3840,99
3841,87
3842,82
3843,80
3844,89
3845,100
3846,91
3847,86
3848,83
3849,88
3850,85
3851,84
3852,91
3853,71
3854,83
3855,76
3856,84
3857,79
3858,79
3859,79
3860,96
3861,79
3862,84
3863,99
3864,88
3865,74
3866,94
3867,96
3868,99
3869,93
3870,80
3871,88
3872,78
3873,82
3874,76
3875,84
3876,85
3877,81
3878,81
3879,82
3880,98
3881,99
3882,85
3883,90
3884,78
3885,93
3886,85
3887,79
3888,98
3889,79
3890,71
3891,89
3892,81
3893,83
3894,100
3895,89
3896,88
3897,79
3898,87
3899,76
3900,80
3901,88
3902,85
3903,83
3904,83
3905,90
3906,72
3907,86
3908,84
3909,95
3910,81
3911,87
3912,86
3913,71
3914,84
3915,76
3916,90
3917,79
3918,92
3919,83
3920,79
3921,92
3922,78
3923,94
3924,87
3925,81
3926,75
3927,97
3928,88
3929,79
3930,90
3931,91
3932,85
3933,90
3934,95
3935,95
3936,87
3937,75
3938,75
3939,83
3940,77
3941,72
3942,97
3943,88
3944,80
3945,88
3946,75
3947,96
3948,70
3949,88
3950,71
3951,81
3952,97
3953,77
3954,83
3955,88
3956,87
3957,88
3958,87
3959,80
3960,98
3961,77
3962,92
3963,85
3964,88
3965,94
3966,92
3967,78
3968,86
3969,74
3970,86
3971,90
3972,88
3973,87
3974,72
3975,80
3976,83
3977,75
3978,82
3979,88
3980,98
3981,81
3982,80
3983,84
3984,86
3985,93
3986,83
3987,74
3988,79
3989,89
3990,95
3991,100
3992,76
3993,85
3994,81
3995,82
3996,81
3997,86
3998,82
3999,100
4000,85
4001,91
4002,83
4003,100
4004,86
4005,90
4006,84
4007,91
4008,90
4009,85
4010,76
4011,82
4012,86
4013,94
4014,82
4015,75
4016,93
4017,93
4018,72
4019,100
4020,94
4021,80
4022,76
4023,91
4024,74
4025,83
4026,79
4027,84
4028,94
4029,87
4030,91
4031,82
4032,85
4033,75
4034,83
4035,83
4036,83
4037,86
4038,82
4039,100
4040,100
4041,94
4042,97
4043,94
4044,84
4045,87
4046,90
4047,83
4048,81
4049,86
4050,73
4051,89
4052,77
4053,87
4054,85
4055,86
4056,77
4057,76
4058,87
4059,80
4060,88
4061,84
4062,87
4063,86
4064,79
4065,87
4066,81
4067,100
4068,80
4069,81
4070,86
4071,79
4072,93
4073,81
4074,71
4075,89
4076,80
4077,83
4078,89
4079,81
4080,81
4081,100
4082,69
4083,75
4084,76
4085,100
4086,79
4087,90
4088,85
4089,88
4090,84
4091,86
4092,93
4093,87
4094,83
4095,86
4096,100
4097,92
4098,85
4099,78
4100,93
4101,90
4102,90
4103,89
4104,100
4105,94
4106,97
4107,84
4108,87
4109,88
4110,87
4111,84
4112,87
4113,80
4114,86
4115,85
4116,95
4117,80
4118,70
4119,86
4120,91
4121,95
4122,79
4123,92
4124,96
4125,89
4126,78
4127,83
4128,91
4129,95
4130,84
4131,83
4132,74
4133,85
4134,83
4135,84
4136,73
4137,82
4138,77
4139,91
4140,82
4141,84
4142,90
4143,85
4144,100
4145,91
4146,88
4147,91
4148,72
4149,93
4150,88
4151,83
4152,88
4153,89
4154,85
4155,91
4156,95
4157,87
4158,86
4159,90
4160,94
4161,89
4162,76
4163,92
4164,87
4165,92
4166,88
4167,81
4168,74
4169,83
4170,96
4171,85
4172,87
4173,93
4174,96
4175,79
4176,92
4177,72
4178,91
4179,90
4180,96
4181,91
4182,86
4183,83
4184,100
4185,85
4186,88
4187,70
4188,78
4189,92
4190,73
4191,88
4192,79
4193,77
4194,79
4195,99
4196,90
4197,78
4198,89
4199,90
4200,85
4201,91
4202,91
4203,94
4204,83
4205,80
4206,72
4207,79
4208,85
4209,86
4210,84
4211,96
4212,82
4213,84
4214,75
4215,100
4216,79
4217,79
4218,93
4219,86
4220,100
4221,89
4222,87
4223,91
4224,92
4225,83
4226,91
4227,82
4228,83
4229,85
4230,81
4231,81
4232,91
4233,77
4234,81
4235,89
4236,87
4237,91
4238,91
4239,79
4240,84
4241,88
4242,86
4243,81
4244,86
4245,84
4246,79
4247,74
4248,91
4249,82
4250,88
4251,80
4252,79
4253,85
4254,99
4255,83
4256,93
4257,85
4258,74
4259,94
4260,82
4261,75
4262,80
4263,87
4264,93
4265,79
4266,100
4267,77
4268,92
4269,70
4270,87
4271,87
4272,80
4273,94
4274,87
4275,86
4276,91
4277,80
4278,93
4279,95
4280,91
4281,92
4282,74
4283,98
4284,87
4285,91
4286,89
4287,95
4288,77
4289,78
4290,100
4291,77
4292,76
4293,88
4294,88
4295,84
4296,88
4297,90
4298,84
4299,86
4300,84
4301,81
4302,76
4303,86
4304,93
4305,83
4306,72
4307,80
4308,90
4309,74
4310,93
4311,81
4312,88
4313,79
4314,76
4315,98
4316,94
4317,89
4318,90
4319,92
4320,95
4321,83
4322,94
4323,93
4324,87
4325,82
4326,75
4327,86
4328,100
4329,76
4330,95
4331,85
4332,81
4333,80
4334,79
4335,89
4336,89
4337,90
4338,84
4339,80
4340,88
4341,81
4342,85
4343,82
4344,82
4345,85
4346,86
4347,97
4348,82
4349,88
4350,100
4351,92
4352,96
4353,80
4354,83
4355,83
4356,84
4357,91
4358,83
4359,87
4360,96
4361,90
4362,84
4363,90
4364,76
4365,80
4366,77
4367,85
4368,90
4369,89
4370,96
4371,94
4372,85
4373,84
4374,94
4375,79
4376,76
4377,82
4378,85
4379,88
4380,78
4381,87
4382,80
4383,93
4384,80
4385,83
4386,82
4387,86
4388,94
4389,90
4390,83
4391,89
4392,90
4393,86
4394,87
4395,89
4396,76
4397,86
4398,91
4399,82
4400,86
4401,87
4402,87
4403,87
4404,78
4405,78
4406,90
4407,83
4408,82
4409,82
4410,96
4411,89
4412,86
4413,93
4414,84
4415,95
4416,80
4417,76
4418,76
4419,87
4420,88
4421,81
4422,82
4423,93
4424,79
4425,90
4426,79
4427,96
4428,88
4429,74
4430,86
4431,73
4432,94
4433,98
4434,73
4435,78
4436,85
4437,84
4438,85
4439,76
4440,90
4441,94
4442,100
4443,93
4444,75
4445,84
4446,88
4447,83
4448,93
4449,89
4450,97
4451,90
4452,86
4453,80
4454,79
4455,90
4456,81
4457,82
4458,96
4459,94
4460,79
4461,87
4462,81
4463,86
4464,68
4465,78
4466,87
4467,90
4468,89
4469,89
4470,85
4471,97
4472,94
4473,79
4474,90
4475,88
4476,100
4477,82
4478,87
4479,81
4480,77
4481,87
4482,85
4483,88
4484,92
4485,86
4486,82
4487,77
4488,79
4489,88
4490,85
4491,93
4492,88
4493,95
4494,81
4495,82
4496,78
4497,93
4498,80
4499,96
4500,94
4501,91
4502,90
4503,84
4504,82
4505,85
4506,87
4507,100
4508,77
4509,85
4510,93
4511,82
4512,91
4513,73
4514,93
4515,92
4516,87
4517,78
4518,90
4519,76
4520,77
4521,88
4522,95
4523,92
4524,79
4525,76
4526,84
4527,90
4528,87
4529,100
4530,87
4531,68
4532,81
4533,87
4534,87
4535,83
4536,86
4537,74
4538,89
4539,82
4540,90
4541,91
4542,93
4543,77
4544,75
4545,80
4546,79
4547,78
4548,94
4549,85
4550,100
4551,88
4552,80
4553,78
4554,91
4555,80
4556,92
4557,82
4558,77
4559,94
4560,80
4561,78
4562,83
4563,84
4564,100
4565,95
4566,80
4567,81
4568,70
4569,85
4570,83
4571,85
4572,70
4573,88
4574,96
4575,88
4576,83
4577,84
4578,84
4579,100
4580,82
4581,76
4582,84
4583,89
4584,92
4585,93
4586,98
4587,80
4588,79
4589,71
4590,89
4591,78
4592,90
4593,85
4594,100
4595,74
4596,91
4597,90
4598,88
4599,76
4600,88
4601,85
4602,71
4603,99
4604,86
4605,94
4606,88
4607,91
4608,82
4609,90
4610,89
4611,86
4612,82
4613,67
4614,78
4615,93
4616,78
4617,80
4618,74
4619,85
4620,78
4621,97
4622,93
4623,85
4624,86
4625,83
4626,79
4627,93
4628,94
4629,89
4630,81
4631,85
4632,81
4633,89
4634,70
4635,69
4636,70
4637,69
4638,97
4639,94
4640,80
4641,83
4642,98
4643,88
4644,100
4645,87
4646,83
4647,80
4648,88
4649,95
4650,89
4651,81
4652,93
4653,92
4654,83
4655,79
4656,86
4657,87
4658,79
4659,79
4660,81
4661,84
4662,94
4663,76
4664,90
4665,86
4666,82
4667,95
4668,85
4669,78
4670,94
4671,94
4672,77
4673,76
4674,87
4675,84
4676,81
4677,91
4678,80
4679,87
4680,96
4681,82
4682,71
4683,85
4684,85
4685,95
4686,84
4687,96
4688,75
4689,85
4690,86
4691,93
4692,78
4693,91
4694,82
4695,95
4696,82
4697,87
4698,78
4699,85
4700,81
4701,81
4702,70
4703,91
4704,76
4705,76
4706,77
4707,81
4708,92
4709,87
4710,89
4711,77
4712,86
4713,80
4714,91
4715,91
4716,83
4717,95
4718,88
4719,74
4720,72
4721,79
4722,96
4723,77
4724,100
4725,77
4726,76
4727,90
4728,90
4729,92
4730,93
4731,78
4732,90
4733,90
4734,85
4735,85
4736,91
4737,87
4738,73
4739,94
4740,94
4741,81
4742,89
4743,85
4744,70
4745,85
4746,81
4747,83
4748,80
4749,89
4750,82
4751,94
4752,88
4753,94
4754,100
4755,96
4756,76
4757,90
4758,79
4759,100
4760,88
4761,94
4762,91
4763,66
4764,79
4765,79
4766,85
4767,87
4768,88
4769,66
4770,82
4771,85
4772,98
4773,88
4774,87
4775,86
4776,72
4777,89
4778,81
4779,78
4780,93
4781,90
4782,83
4783,84
4784,87
4785,86
4786,88
4787,76
4788,81
4789,79
4790,87
4791,84
4792,83
4793,83
4794,100
4795,90
4796,96
4797,87
4798,85
4799,87
4800,86
4801,90
4802,77
4803,93
4804,89
4805,75
4806,89
4807,75
4808,80
4809,87
4810,73
4811,88
4812,84
4813,89
4814,81
4815,86
4816,87
4817,81
4818,76
4819,87
4820,89
4821,81
4822,82
4823,84
4824,96
4825,84
4826,86
4827,84
4828,81
4829,80
4830,82
4831,87
4832,85
4833,98
4834,95
4835,93
4836,70
4837,95
4838,86
4839,87
4840,90
4841,88
4842,77
4843,98
4844,83
4845,77
4846,86
4847,81
4848,88
4849,87
4850,93
4851,87
4852,78
4853,79
4854,85
4855,81
4856,84
4857,76
4858,90
4859,81
4860,77
4861,91
4862,90
4863,86
4864,100
4865,100
4866,91
4867,85
4868,86
4869,75
4870,82
4871,72
4872,80
4873,75
4874,88
4875,79
4876,86
4877,89
4878,96
4879,82
4880,86
4881,86
4882,97
4883,89
4884,93
4885,72
4886,79
4887,91
4888,92
4889,83
4890,81
4891,94
4892,74
4893,90
4894,85
4895,85
4896,92
4897,85
4898,88
4899,84
4900,89
4901,85
4902,71
4903,78
4904,80
4905,91
4906,92
4907,100
4908,77
4909,93
4910,70
4911,84
4912,86
4913,86
4914,86
4915,85
4916,79
4917,94
4918,90
4919,87
4920,82
4921,82
4922,88
4923,95
4924,74
4925,74
4926,86
4927,86
4928,89
4929,84
4930,92
4931,82
4932,76
4933,78
4934,87
4935,75
4936,84
4937,84
4938,81
4939,85
4940,73
4941,81
4942,76
4943,94
4944,100
4945,82
4946,82
4947,83
4948,90
4949,80
4950,86
4951,93
4952,75
4953,86
4954,75
4955,82
4956,82
4957,82
4958,82
4959,81
4960,86
4961,86
4962,90
4963,85
4964,84
4965,92
4966,99
4967,75
4968,85
4969,81
4970,90
4971,84
4972,88
4973,91
4974,82
4975,96
4976,92
4977,95
4978,86
4979,83
4980,94
4981,89
4982,79
4983,89
4984,91
4985,83
4986,87
4987,87
4988,68
4989,79
4990,91
4991,82
4992,89
4993,84
4994,78
4995,85
4996,86
4997,91
4998,99
4999,85
5000,96
5001,82
5002,91
5003,89
5004,87
5005,84
5006,84
5007,90
5008,82
5009,86
5010,89
5011,94
5012,91
5013,88
5014,80
5015,82
5016,76
5017,75
5018,88
5019,79
5020,96
5021,80
5022,85
5023,82
5024,74
5025,92
5026,89
5027,90
5028,92
5029,79
5030,79
5031,91
5032,99
5033,87
5034,91
5035,80
5036,96
5037,85
5038,86
5039,85
5040,94
5041,94
5042,78
5043,97
5044,100
5045,86
5046,83
5047,97
5048,84
5049,84
5050,97
5051,79
5052,78
5053,91
5054,77
5055,81
5056,81
5057,91
5058,89
5059,72
5060,83
5061,83
5062,82
5063,76
5064,91
5065,79
5066,92
5067,84
5068,77
5069,94
5070,98
5071,90
5072,82
5073,81
5074,95
5075,90
5076,78
5077,83
5078,87
5079,76
5080,84
5081,77
5082,81
5083,83
5084,94
5085,72
5086,87
5087,90
5088,91
5089,90
5090,85
5091,78
5092,91
5093,87
5094,81
5095,94
5096,81
5097,88
5098,80
5099,88
5100,81
5101,82
5102,79
5103,86
5104,91
5105,76
5106,87
5107,78
5108,100
5109,80
5110,95
5111,89
5112,86
5113,76
5114,90
5115,88
5116,87
5117,83
5118,89
5119,78
5120,83
5121,81
5122,79
5123,89
5124,87
5125,86
5126,83
5127,87
5128,90
5129,89
5130,89
5131,92
5132,80
5133,82
5134,90
5135,73
5136,98
5137,86
5138,91
5139,92
5140,87
5141,72
5142,89
5143,85
5144,76
5145,75
5146,87
5147,79
5148,100
5149,90
5150,93
5151,88
5152,93
5153,88
5154,95
5155,70
5156,94
5157,93
5158,83
5159,85
5160,86
5161,86
5162,92
5163,80
5164,76
5165,100
5166,89
5167,81
5168,96
5169,95
5170,87
5171,81
5172,89
5173,96
5174,76
5175,86
5176,86
5177,90
5178,88
5179,96
5180,83
5181,84
5182,86
5183,83
5184,78
5185,85
5186,86
5187,81
5188,83
5189,66
5190,92
5191,90
5192,75
5193,83
5194,94
5195,76
5196,91
5197,85
5198,87
5199,84
5200,86
5201,87
5202,81
5203,72
5204,82
5205,77
5206,77
5207,91
5208,87
5209,86
5210,92
5211,93
5212,91
5213,77
5214,88
5215,86
5216,100
5217,88
5218,91
5219,83
5220,88
5221,88
5222,81
5223,89
5224,92
5225,85
5226,94
5227,89
5228,78
5229,81
5230,91
5231,80
5232,77
5233,100
5234,77
5235,77
5236,79
5237,86
5238,85
5239,97
5240,83
5241,86
5242,92
5243,79
5244,93
5245,71
5246,96
5247,95
5248,83
5249,94
5250,93
5251,75
5252,80
5253,97
5254,84
5255,87
5256,88
5257,94
5258,92
5259,85
5260,73
5261,92
5262,93
5263,75
5264,80
5265,92
5266,89
5267,70
5268,82
5269,86
5270,89
5271,80
5272,83
5273,82
5274,93
5275,89
5276,83
5277,76
5278,75
5279,97
5280,83
5281,81
5282,83
5283,80
5284,83
5285,88
5286,88
5287,75
5288,94
5289,84
5290,83
5291,83
5292,77
5293,86
5294,90
5295,79
5296,71
5297,77
5298,81
5299,79
5300,84
5301,84
5302,84
5303,74
5304,88
5305,96
5306,98
5307,84
5308,89
5309,92
5310,84
5311,85
5312,89
5313,94
5314,78
5315,89
5316,96
5317,90
5318,95
5319,70
5320,88
5321,86
5322,95
5323,80
5324,84
5325,90
5326,81
5327,90
5328,84
5329,83
5330,92
5331,80
5332,83
5333,83
5334,80
5335,93
5336,78
5337,90
5338,82
5339,89
5340,73
5341,98
5342,96
5343,80
5344,78
5345,91
5346,73
5347,84
5348,78
5349,86
5350,79
5351,82
5352,96
5353,89
5354,78
5355,78
5356,94
5357,91
5358,78
5359,89
5360,90
5361,70
5362,81
5363,83
5364,88
5365,75
5366,83
5367,80
5368,80
5369,80
5370,83
5371,90
5372,96
5373,94
5374,93
5375,81
5376,77
5377,90
5378,88
5379,89
5380,82
5381,89
5382,83
5383,85
5384,85
5385,91
5386,89
5387,85
5388,86
5389,86
5390,93
5391,91
5392,97
5393,85
5394,94
5395,89
5396,80
5397,79
5398,91
5399,89
5400,77
5401,79
5402,84
5403,82
5404,75
5405,68
5406,81
5407,90
5408,93
5409,74
5410,79
5411,80
5412,84
5413,91
5414,93
5415,81
5416,91
5417,78
5418,89
5419,84
5420,94
5421,91
5422,79
5423,79
5424,86
5425,77
5426,82
5427,83
5428,87
5429,88
5430,85
5431,73
5432,75
5433,84
5434,89
5435,92
5436,86
5437,100
5438,95
5439,97
5440,93
5441,87
5442,87
5443,71
5444,77
5445,86
5446,89
5447,87
5448,90
5449,69
5450,92
5451,88
5452,83
5453,90
5454,77
5455,82
5456,90
5457,78
5458,74
5459,76
5460,84
5461,82
5462,84
5463,79
5464,75
5465,89
5466,83
5467,92
5468,79
5469,74
5470,70
5471,81
5472,89
5473,82
5474,84
5475,73
5476,71
5477,87
5478,86
5479,85
5480,73
5481,81
5482,88
5483,86
5484,83
5485,98
5486,84
5487,97
5488,86
5489,89
5490,91
5491,84
5492,86
5493,75
5494,95
5495,86
5496,92
5497,89
5498,92
5499,83
5500,95
5501,85
5502,84
5503,93
5504,100
5505,90
5506,94
5507,80
5508,85
5509,83
5510,94
5511,83
5512,97
5513,75
5514,94
5515,78
5516,90
5517,78
5518,88
5519,77
5520,95
5521,90
5522,84
5523,88
5524,95
5525,82
5526,81
5527,77
5528,80
5529,76
5530,94
5531,88
5532,76
5533,84
5534,76
5535,90
5536,85
5537,73
5538,85
5539,92
5540,81
5541,82
5542,82
5543,93
5544,81
5545,79
5546,84
5547,83
5548,93
5549,93
5550,93
5551,85
5552,86
5553,98
5554,99
5555,78
5556,88
5557,87
5558,94
5559,93
5560,81
5561,79
5562,90
5563,85
5564,68
5565,72
5566,89
5567,90
5568,75
5569,92
5570,83
5571,77
5572,84
5573,79
5574,80
5575,71
5576,83
5577,92
5578,79
5579,84
5580,78
5581,93
5582,68
5583,89
5584,75
5585,87
5586,83
5587,85
5588,73
5589,100
5590,79
5591,76
5592,97
5593,86
5594,79
5595,83
5596,82
5597,72
5598,79
5599,84
5600,93
5601,83
5602,87
5603,82
5604,96
5605,94
5606,94
5607,85
5608,77
5609,92
5610,84
5611,86
5612,87
5613,90
5614,77
5615,82
5616,75
5617,85
5618,93
5619,75
5620,85
5621,89
5622,94
5623,79
5624,80
5625,80
5626,96
5627,72
5628,75
5629,85
5630,81
5631,88
5632,94
5633,80
5634,83
5635,84
5636,82
5637,77
5638,84
5639,80
5640,88
5641,87
5642,73
5643,85
5644,80
5645,100
5646,86
5647,76
5648,83
5649,81
5650,87
5651,87
5652,89
5653,87
5654,87
5655,87
5656,72
5657,84
5658,84
5659,72
5660,100
5661,90
5662,88
5663,85
5664,89
5665,76
5666,82
5667,81
5668,89
5669,82
5670,92
5671,83
5672,93
5673,87
5674,91
5675,77
5676,94
5677,71
5678,84
5679,80
5680,78
5681,78
5682,84
5683,83
5684,84
5685,89
5686,78
5687,81
5688,82
5689,85
5690,94
5691,94
5692,86
5693,91
5694,86
5695,82
5696,90
5697,78
5698,74
5699,77
5700,94
5701,82
5702,86
5703,82
5704,88
5705,88
5706,84
5707,92
5708,85
5709,91
5710,87
5711,87
5712,78
5713,86
5714,80
5715,96
5716,72
5717,94
5718,76
5719,92
5720,78
5721,88
5722,87
5723,78
5724,98
5725,89
5726,88
5727,84
5728,94
5729,75
5730,72
5731,73
5732,82
5733,79
5734,81
5735,81
5736,79
5737,73
5738,85
5739,86
5740,79
5741,94
5742,82
5743,88
5744,90
5745,74
5746,84
5747,94
5748,87
5749,79
5750,81
5751,85
5752,69
5753,75
5754,98
5755,87
5756,94
5757,90
5758,91
5759,82
5760,91
5761,98
5762,90
5763,85
5764,83
5765,91
5766,80
5767,87
5768,83
5769,82
5770,77
5771,81
5772,79
5773,100
5774,82
5775,91
5776,81
5777,88
5778,90
5779,75
5780,78
5781,81
5782,79
5783,85
5784,86
5785,81
5786,85
5787,81
5788,83
5789,84
5790,87
5791,99
5792,93
5793,98
5794,78
5795,79
5796,88
5797,95
5798,93
5799,81
5800,85
5801,90
5802,83
5803,78
5804,82
5805,84
5806,80
5807,95
5808,81
5809,87
5810,91
5811,83
5812,95
5813,77
5814,87
5815,90
5816,78
5817,87
5818,83
5819,89
5820,91
5821,78
5822,88
5823,95
5824,91
5825,94
5826,83
5827,99
5828,95
5829,84
5830,86
5831,81
5832,87
5833,88
5834,89
5835,83
5836,78
5837,86
5838,93
5839,77
5840,83
5841,93
5842,80
5843,82
5844,98
5845,85
5846,80
5847,84
5848,94
5849,83
5850,88
5851,86
5852,86
5853,93
5854,82
5855,77
5856,87
5857,83
5858,85
5859,88
5860,97
5861,83
5862,84
5863,76
5864,82
5865,90
5866,88
5867,85
5868,93
5869,84
5870,100
5871,85
5872,65
5873,76
5874,88
5875,83
5876,84
5877,79
5878,81
5879,85
5880,91
5881,77
5882,94
5883,76
5884,87
5885,86
5886,77
5887,77
5888,87
5889,84
5890,83
5891,89
5892,91
5893,78
5894,88
5895,81
5896,90
5897,95
5898,82
5899,84
5900,90
5901,88
5902,88
5903,84
5904,81
5905,85
5906,96
5907,86
5908,95
5909,76
5910,87
5911,79
5912,82
5913,93
5914,86
5915,82
5916,86
5917,69
5918,93
5919,97
5920,90
5921,87
5922,82
5923,76
5924,96
5925,90
5926,87
5927,86
5928,86
5929,84
5930,100
5931,86
5932,81
5933,92
5934,84
5935,84
5936,94
5937,89
5938,89
5939,78
5940,87
5941,77
5942,81
5943,85
5944,84
5945,93
5946,93
5947,90
5948,79
5949,100
5950,84
5951,92
5952,66
5953,86
5954,74
5955,78
5956,88
5957,82
5958,93
5959,96
5960,81
5961,85
5962,81
5963,96
5964,85
5965,84
5966,86
5967,82
5968,82
5969,84
5970,86
5971,86
5972,73
5973,85
5974,79
5975,85
5976,90
5977,80
5978,92
5979,72
5980,95
5981,93
5982,82
5983,82
5984,74
5985,90
5986,82
5987,81
5988,80
5989,97
5990,81
5991,84
5992,86
5993,85
5994,84
5995,81
5996,88
5997,82
5998,95
5999,83
6000,89
6001,72
6002,79
6003,78
6004,76
6005,86
6006,87
6007,72
6008,98
6009,85
6010,84
6011,93
6012,91
6013,82
6014,74
6015,92
6016,81
6017,93
6018,83
6019,81
6020,79
6021,75
6022,83
6023,83
6024,85
6025,100
6026,88
6027,84
6028,65
6029,90
6030,100
6031,87
6032,78
6033,85
6034,78
6035,87
6036,95
6037,79
6038,84
6039,87
6040,80
6041,77
6042,85
6043,80
6044,98
6045,96
6046,94
6047,90
6048,89
6049,78
6050,93
6051,86
6052,79
6053,82
6054,75
6055,70
6056,87
6057,75
6058,79
6059,88
6060,83
6061,79
6062,99
6063,73
6064,74
6065,87
6066,80
6067,79
6068,80
6069,90
6070,86
6071,89
6072,80
6073,83
6074,87
6075,95
6076,95
6077,92
6078,92
6079,95
6080,76
6081,79
6082,88
6083,83
6084,86
6085,91
6086,94
6087,76
6088,84
6089,78
6090,83
6091,72
6092,85
6093,72
6094,91
6095,98
6096,88
6097,84
6098,99
6099,86
6100,82
6101,89
6102,100
6103,80
6104,78
6105,92
6106,86
6107,80
6108,75
6109,70
6110,78
6111,99
6112,84
6113,70
6114,96
6115,97
6116,93
6117,81
6118,82
6119,85
6120,94
6121,80
6122,83
6123,89
6124,96
6125,84
6126,89
6127,85
6128,82
6129,82
6130,80
6131,80
6132,77
6133,90
6134,93
6135,89
6136,82
6137,94
6138,86
6139,91
6140,80
6141,96
6142,96
6143,83
6144,89
6145,96
6146,85
6147,83
6148,89
6149,76
6150,87
6151,95
6152,83
6153,86
6154,98
6155,85
6156,87
6157,80
6158,80
6159,90
6160,90
6161,92
6162,89
6163,91
6164,96
6165,95
6166,90
6167,88
6168,86
6169,87
6170,91
6171,89
6172,90
6173,93
6174,87
6175,74
6176,100
6177,79
6178,85
6179,89
6180,98
6181,100
6182,81
6183,92
6184,85
6185,100
6186,92
6187,83
6188,78
6189,70
6190,89
6191,95
6192,89
6193,72
6194,75
6195,87
6196,100
6197,84
6198,96
6199,81
6200,89
6201,86
6202,92
6203,84
6204,96
6205,82
6206,77
6207,77
6208,84
6209,87
6210,84
6211,78
6212,90
6213,62
6214,85
6215,75
6216,78
6217,86
6218,87
6219,82
6220,96
6221,84
6222,97
6223,93
6224,81
6225,98
6226,90
6227,100
6228,82
6229,86
6230,87
6231,87
6232,97
6233,98
6234,68
6235,90
6236,78
6237,66
6238,92
6239,88
6240,89
6241,87
6242,90
6243,80
6244,86
6245,93
6246,93
6247,84
6248,87
6249,84
6250,80
6251,89
6252,74
6253,87
6254,85
6255,73
6256,74
6257,78
6258,86
6259,98
6260,83
6261,88
6262,97
6263,96
6264,88
6265,79
6266,87
6267,83
6268,97
6269,94
6270,85
6271,88
6272,85
6273,85
6274,91
6275,82
6276,100
6277,79
6278,88
6279,79
6280,78
6281,75
6282,87
6283,80
6284,96
6285,87
6286,85
6287,74
6288,92
6289,79
6290,74
6291,91
6292,75
6293,69
6294,93
6295,80
6296,72
6297,81
6298,79
6299,92
6300,76
6301,79
6302,91
6303,81
6304,86
6305,81
6306,100
6307,75
6308,86
6309,99
6310,85
6311,79
6312,89
6313,95
6314,82
6315,98
6316,84
6317,92
6318,94
6319,93
6320,84
6321,79
6322,100
6323,78
6324,90
6325,88
6326,92
6327,99
6328,88
6329,83
6330,95
6331,83
6332,90
6333,85
6334,90
6335,89
6336,85
6337,71
6338,72
6339,75
6340,83
6341,68
6342,83
6343,85
6344,90
6345,92
6346,94
6347,87
6348,82
6349,83
6350,78
6351,90
6352,73
6353,95
6354,81
6355,85
6356,90
6357,92
6358,76
6359,86
6360,88
6361,96
6362,88
6363,80
6364,100
6365,90
6366,98
6367,76
6368,88
6369,80
6370,79
6371,88
6372,93
6373,85
6374,98
6375,81
6376,82
6377,88
6378,82
6379,93
6380,81
6381,79
6382,76
6383,97
6384,86
6385,79
6386,82
6387,90
6388,89
6389,84
6390,81
6391,74
6392,89
6393,97
6394,84
6395,88
6396,80
6397,76
6398,93
6399,100
6400,88
6401,85
6402,86
6403,100
6404,86
6405,79
6406,84
6407,90
6408,87
6409,95
6410,93
6411,89
6412,84
6413,87
6414,84
6415,95
6416,83
6417,87
6418,96
6419,92
6420,90
6421,84
6422,83
6423,76
6424,88
6425,73
6426,91
6427,89
6428,85
6429,80
6430,84
6431,72
6432,94
6433,83
6434,99
6435,87
6436,86
6437,91
6438,77
6439,81
6440,85
6441,82
6442,80
6443,82
6444,88
6445,100
6446,82
6447,79
6448,87
6449,95
6450,99
6451,98
6452,88
6453,88
6454,77
6455,82
6456,76
6457,87
6458,84
6459,86
6460,82
6461,90
6462,67
6463,82
6464,83
6465,70
6466,87
6467,83
6468,92
6469,98
6470,90
6471,95
6472,94
6473,91
6474,78
6475,73
6476,87
6477,85
6478,97
6479,81
6480,88
6481,76
6482,82
6483,77
6484,78
6485,88
6486,80
6487,100
6488,90
6489,92
6490,87
6491,89
6492,85
6493,100
6494,87
6495,80
6496,79
6497,86
6498,94
6499,96
6500,79
6501,79
6502,93
6503,99
6504,83
6505,96
6506,74
6507,78
6508,81
6509,87
6510,87
6511,86
6512,93
6513,79
6514,85
6515,75
6516,92
6517,92
6518,91
6519,89
6520,80
6521,74
6522,86
6523,89
6524,98
6525,85
6526,86
6527,92
6528,92
6529,80
6530,82
6531,80
6532,78
6533,94
6534,84
6535,87
6536,90
6537,88
6538,82
6539,83
6540,95
6541,80
6542,77
6543,87
6544,100
6545,82
6546,89
6547,82
6548,86
6549,90
6550,72
6551,82
6552,90
6553,85
6554,85
6555,93
6556,82
6557,95
6558,90
6559,86
6560,87
6561,92
6562,84
6563,89
6564,100
6565,88
6566,82
6567,100
6568,86
6569,94
6570,81
6571,95
6572,80
6573,86
6574,80
6575,97
6576,82
6577,76
6578,89
6579,88
6580,84
6581,78
6582,95
6583,93
6584,76
6585,78
6586,87
6587,80
6588,92
6589,100
6590,81
6591,99
6592,78
6593,91
6594,80
6595,87
6596,76
6597,75
6598,91
6599,80
6600,82
6601,97
6602,85
6603,94
6604,83
6605,75
6606,87
6607,78
6608,83
6609,86
6610,83
6611,90
6612,92
6613,76
6614,81
6615,69
6616,85
6617,89
6618,94
6619,89
6620,94
6621,87
6622,85
6623,80
6624,71
6625,97
6626,88
6627,98
6628,77
6629,100
6630,82
6631,79
6632,82
6633,85
6634,88
6635,80
6636,71
6637,82
6638,96
6639,78
6640,72
6641,81
6642,83
6643,83
6644,82
6645,82
6646,95
6647,87
6648,100
6649,81
6650,86
6651,92
6652,91
6653,77
6654,88
6655,87
6656,75
6657,83
6658,85
6659,94
6660,89
6661,80
6662,79
6663,90
6664,67
6665,82
6666,94
6667,90
6668,79
6669,80
6670,90
6671,85
6672,82
6673,87
6674,89
6675,85
6676,79
6677,81
6678,93
6679,92
6680,87
6681,80
6682,89
6683,85
6684,97
6685,83
6686,84
6687,87
6688,94
6689,84
6690,84
6691,81
6692,90
6693,84
6694,79
6695,89
6696,89
6697,100
6698,84
6699,78
6700,90
6701,77
6702,80
6703,74
6704,83
6705,79
6706,79
6707,86
6708,67
6709,87
6710,84
6711,81
6712,88
6713,87
6714,84
6715,87
6716,99
6717,81
6718,93
6719,76
6720,92
6721,79
6722,79
6723,92
6724,89
6725,79
6726,85
6727,83
6728,73
6729,85
6730,82
6731,77
6732,93
6733,78
6734,85
6735,96
6736,86
6737,79
6738,86
6739,87
6740,94
6741,97
6742,85
6743,85
6744,75
6745,89
6746,85
6747,83
6748,80
6749,86
6750,90
6751,81
6752,86
6753,88
6754,77
6755,77
6756,79
6757,95
6758,78
6759,84
6760,77
6761,83
6762,78
6763,89
6764,75
6765,90
6766,91
6767,83
6768,95
6769,100
6770,87
6771,76
6772,94
6773,85
6774,99
6775,80
6776,97
6777,88
6778,100
6779,82
6780,100
6781,91
6782,90
6783,96
6784,78
6785,91
6786,86
6787,85
6788,85
6789,92
6790,88
6791,80
6792,85
6793,72
6794,91
6795,96
6796,85
6797,77
6798,89
6799,79
6800,89
6801,93
6802,88
6803,96
6804,85
6805,89
6806,93
6807,84
6808,83
6809,87
6810,76
6811,83
6812,74
6813,80
6814,84
6815,77
6816,96
6817,95
6818,93
6819,83
6820,85
6821,94
6822,85
6823,89
6824,66
6825,89
6826,92
6827,88
6828,90
6829,88
6830,83
6831,86
6832,81
6833,98
6834,91
6835,78
6836,88
6837,86
6838,83
6839,85
6840,90
6841,91
6842,100
6843,85
6844,82
6845,92
6846,83
6847,80
6848,78
6849,60
6850,89
6851,73
6852,78
6853,86
6854,82
6855,99
6856,77
6857,100
6858,94
6859,90
6860,98
6861,87
6862,76
6863,88
6864,78
6865,80
6866,87
6867,82
6868,91
6869,87
6870,87
6871,84
6872,85
6873,82
6874,76
6875,87
6876,77
6877,94
6878,78
6879,100
6880,90
6881,84
6882,84
6883,89
6884,83
6885,86
6886,90
6887,89
6888,93
6889,88
6890,77
6891,73
6892,89
6893,90
6894,97
6895,87
6896,87
6897,89
6898,88
6899,90
6900,82
6901,77
6902,82
6903,69
6904,84
6905,83
6906,86
6907,86
6908,81
6909,97
6910,85
6911,94
6912,85
6913,91
6914,74
6915,93
6916,94
6917,88
6918,86
6919,95
6920,81
6921,73
6922,86
6923,89
6924,84
6925,97
6926,81
6927,82
6928,81
6929,91
6930,73
6931,89
6932,77
6933,83
6934,100
6935,93
6936,85
6937,79
6938,100
6939,83
6940,86
6941,94
6942,70
6943,80
6944,84
6945,85
6946,79
6947,86
6948,84
6949,96
6950,91
6951,82
6952,87
6953,95
6954,86
6955,78
6956,100
6957,81
6958,100
6959,91
6960,80
6961,71
6962,93
6963,77
6964,91
6965,98
6966,76
6967,89
6968,82
6969,92
6970,88
6971,88
6972,92
6973,88
6974,82
6975,100
6976,73
6977,86
6978,78
6979,74
6980,76
6981,88
6982,86
6983,95
6984,98
6985,86
6986,81
6987,95
6988,80
6989,73
6990,95
6991,97
6992,82
6993,100
6994,88
6995,87
6996,80
6997,95
6998,77
6999,86
7000,83
7001,79
7002,94
7003,90
7004,90
7005,82
7006,91
7007,89
7008,81
7009,80
7010,74
7011,92
7012,91
7013,100
7014,86
7015,79
7016,72
7017,95
7018,89
7019,95
7020,82
7021,89
7022,80
7023,97
7024,92
7025,73
7026,83
7027,74
7028,80
7029,76
7030,80
7031,86
7032,85
7033,89
7034,88
7035,86
7036,79
7037,85
7038,98
7039,83
7040,91
7041,91
7042,90
7043,86
7044,90
7045,88
7046,89
7047,87
7048,77
7049,76
7050,82
7051,95
7052,87
7053,86
7054,74
7055,89
7056,89
7057,65
7058,86
7059,72
7060,83
7061,91
7062,85
7063,85
7064,84
7065,81
7066,85
7067,76
7068,92
7069,76
7070,76
7071,91
7072,85
7073,88
7074,89
7075,79
7076,85
7077,89
7078,100
7079,84
7080,85
7081,88
7082,85
7083,83
7084,99
7085,72
7086,74
7087,72
7088,92
7089,88
7090,78
7091,87
7092,88
7093,73
7094,89
7095,80
7096,93
7097,76
7098,86
7099,93
7100,95
7101,92
7102,87
7103,73
7104,81
7105,86
7106,82
7107,77
7108,87
7109,80
7110,99
7111,85
7112,91
7113,91
7114,99
7115,89
7116,85
7117,81
7118,94
7119,75
7120,78
7121,86
7122,83
7123,91
7124,75
7125,84
7126,83
7127,80
7128,94
7129,83
7130,87
7131,78
7132,81
7133,77
7134,90
7135,91
7136,96
7137,91
7138,82
7139,81
7140,91
7141,85
7142,83
7143,82
7144,96
7145,81
7146,97
7147,85
7148,81
7149,79
7150,87
7151,92
7152,85
7153,94
7154,81
7155,83
7156,79
7157,92
7158,82
7159,95
7160,93
7161,89
7162,97
7163,91
7164,95
7165,82
7166,87
7167,88
7168,77
7169,95
7170,76
7171,75
7172,68
7173,87
7174,72
7175,84
7176,90
7177,85
7178,80
7179,77
7180,87
7181,90
7182,93
7183,97
7184,83
7185,75
7186,86
7187,89
7188,84
7189,79
7190,69
7191,81
7192,92
7193,90
7194,91
7195,86
7196,93
7197,93
7198,88
7199,84
7200,68
7201,79
7202,84
7203,83
7204,81
7205,91
7206,78
7207,92
7208,77
7209,80
7210,83
7211,81
7212,92
7213,82
7214,82
7215,83
7216,82
7217,86
7218,86
7219,83
7220,95
7221,86
7222,76
7223,87
7224,80
7225,92
7226,89
7227,96
7228,79
7229,83
7230,81
7231,84
7232,77
7233,86
7234,88
7235,89
7236,94
7237,86
7238,75
7239,80
7240,87
7241,82
7242,83
7243,99
7244,89
7245,91
7246,70
7247,89
7248,100
7249,97
7250,85
7251,100
7252,88
7253,86
7254,82
7255,86
7256,68
7257,90
7258,86
7259,83
7260,90
7261,81
7262,86
7263,92
7264,87
7265,83
7266,87
7267,89
7268,82
7269,89
7270,93
7271,89
7272,81
7273,82
7274,89
7275,76
7276,82
7277,73
7278,84
7279,94
7280,93
7281,99
7282,83
7283,90
7284,81
7285,96
7286,93
7287,85
7288,84
7289,60
7290,78
7291,75
7292,74
7293,100
7294,79
7295,77
7296,78
7297,100
7298,88
7299,95
7300,85
7301,70
7302,95
7303,87
7304,83
7305,100
7306,82
7307,83
7308,82
7309,96
7310,90
7311,86
7312,77
7313,81
7314,81
7315,96
7316,77
7317,99
7318,93
7319,82
7320,81
7321,79
7322,91
7323,98
7324,92
7325,85
7326,97
7327,92
7328,83
7329,84
7330,99
7331,95
7332,93
7333,100
7334,88
7335,90
7336,98
7337,100
7338,80
7339,87
7340,77
7341,90
7342,90
7343,81
7344,92
7345,85
7346,80
7347,92
7348,84
7349,74
7350,89
7351,83
7352,92
7353,90
7354,76
7355,97
7356,97
7357,91
7358,96
7359,82
7360,85
7361,85
7362,90
7363,90
7364,85
7365,84
7366,78
7367,89
7368,85
7369,82
7370,96
7371,88
7372,86
7373,90
7374,98
7375,73
7376,80
7377,86
7378,77
7379,86
7380,77
7381,90
7382,80
7383,85
7384,84
7385,88
7386,67
7387,87
7388,82
7389,91
7390,80
7391,87
7392,93
7393,85
7394,79
7395,83
7396,88
7397,92
7398,90
7399,84
7400,85
7401,84
7402,85
7403,93
7404,86
7405,97
7406,96
7407,90
7408,88
7409,77
7410,83
7411,86
7412,73
7413,87
7414,77
7415,78
7416,84
7417,84
7418,79
7419,94
7420,85
7421,100
7422,86
7423,88
7424,82
7425,76
7426,88
7427,80
7428,88
7429,96
7430,95
7431,92
7432,90
7433,85
7434,87
7435,80
7436,79
7437,84
7438,96
7439,75
7440,94
7441,93
7442,87
7443,91
7444,83
7445,88
7446,85
7447,84
7448,85
7449,100
7450,88
7451,83
7452,83
7453,83
7454,84
7455,90
7456,85
7457,80
7458,80
7459,79
7460,92
7461,85
7462,82
7463,84
7464,90
7465,79
7466,74
7467,93
7468,91
7469,87
7470,90
7471,97
7472,80
7473,80
7474,93
7475,74
7476,84
7477,82
7478,93
7479,85
7480,96
7481,79
7482,93
7483,83
7484,88
7485,77
7486,88
7487,93
7488,85
7489,92
7490,84
7491,80
7492,89
7493,92
7494,71
7495,88
7496,77
7497,80
7498,88
7499,97
7500,86
7501,79
7502,79
7503,85
7504,89
7505,87
7506,87
7507,95
7508,86
7509,90
7510,82
7511,100
7512,88
7513,89
7514,96
7515,85
7516,79
7517,93
7518,94
7519,85
7520,100
7521,87
7522,95
7523,99
7524,85
7525,87
7526,95
7527,85
7528,82
7529,93
7530,86
7531,84
7532,85
7533,92
7534,73
7535,89
7536,91
7537,96
7538,86
7539,98
7540,84
7541,85
7542,86
7543,99
7544,75
7545,91
7546,88
7547,84
7548,88
7549,96
7550,88
7551,93
7552,82
7553,84
7554,81
7555,98
7556,83
7557,82
7558,92
7559,92
7560,79
7561,96
7562,86
7563,94
7564,80
7565,93
7566,88
7567,80
7568,78
7569,79
7570,95
7571,74
7572,86
7573,90
7574,72
7575,78
7576,78
7577,84
7578,94
7579,96
7580,81
7581,78
7582,77
7583,81
7584,78
7585,88
7586,84
7587,81
7588,81
7589,79
7590,80
7591,98
7592,92
7593,92
7594,91
7595,90
7596,94
7597,88
7598,85
7599,80
7600,82
7601,90
7602,83
7603,74
7604,73
7605,99
7606,77
7607,83
7608,97
7609,80
7610,88
7611,100
7612,99
7613,81
7614,84
7615,81
7616,88
7617,93
7618,78
7619,89
7620,87
7621,94
7622,93
7623,81
7624,83
7625,94
7626,95
7627,67
7628,90
7629,100
7630,90
7631,91
7632,93
7633,86
7634,90
7635,84
7636,88
7637,83
7638,85
7639,97
7640,78
7641,88
7642,86
7643,94
7644,96
7645,82
7646,80
7647,80
7648,85
7649,81
7650,86
7651,78
7652,83
7653,82
7654,91
7655,88
7656,82
7657,82
7658,73
7659,99
7660,86
7661,100
7662,89
7663,97
7664,91
7665,85
7666,80
7667,77
7668,96
7669,86
7670,92
7671,90
7672,90
7673,81
7674,91
7675,87
7676,85
7677,93
7678,88
7679,71
7680,91
7681,93
7682,71
7683,77
7684,98
7685,86
7686,88
7687,85
7688,81
7689,83
7690,95
7691,88
7692,88
7693,100
7694,80
7695,90
7696,95
7697,81
7698,89
7699,97
7700,86
7701,95
7702,83
7703,97
7704,72
7705,84
7706,74
7707,83
7708,79
7709,82
7710,80
7711,87
7712,91
7713,77
7714,84
7715,100
7716,86
7717,71
7718,74
7719,86
7720,89
7721,80
7722,99
7723,100
7724,86
7725,94
7726,94
7727,95
7728,84
7729,100
7730,88
7731,87
7732,88
7733,87
7734,86
7735,76
7736,74
7737,83
7738,82
7739,92
7740,91
7741,84
7742,98
7743,84
7744,78
7745,82
7746,96
7747,71
7748,83
7749,88
7750,100
7751,92
7752,85
7753,92
7754,71
7755,77
7756,89
7757,89
7758,86
7759,88
7760,84
7761,89
7762,77
7763,86
7764,75
7765,84
7766,92
7767,83
7768,88
7769,89
7770,85
7771,81
7772,81
7773,89
7774,88
7775,85
7776,93
7777,77
7778,94
7779,80
7780,91
7781,88
7782,71
7783,93
7784,91
7785,97
7786,83
7787,85
7788,89
7789,93
7790,87
7791,81
7792,91
7793,95
7794,83
7795,79
7796,79
7797,94
7798,91
7799,84
7800,87
7801,72
7802,87
7803,80
7804,85
7805,96
7806,77
7807,86
7808,91
7809,86
7810,84
7811,84
7812,91
7813,90
7814,88
7815,96
7816,88
7817,76
7818,92
7819,91
7820,79
7821,68
7822,77
7823,87
7824,91
7825,78
7826,88
7827,68
7828,89
7829,85
7830,99
7831,71
7832,88
7833,71
7834,84
7835,76
7836,100
7837,86
7838,87
7839,88
7840,76
7841,91
7842,88
7843,90
7844,75
7845,96
7846,91
7847,82
7848,90
7849,86
7850,73
7851,87
7852,81
7853,89
7854,91
7855,77
7856,85
7857,78
7858,83
7859,78
7860,84
7861,88
7862,90
7863,89
7864,92
7865,100
7866,85
7867,91
7868,91
7869,96
7870,88
7871,82
7872,90
7873,90
7874,94
7875,78
7876,93
7877,84
7878,90
7879,86
7880,85
7881,90
7882,93
7883,100
7884,74
7885,88
7886,84
7887,87
7888,67
7889,88
7890,87
7891,82
7892,84
7893,82
7894,76
7895,89
7896,92
7897,84
7898,86
7899,89
7900,95
7901,87
7902,90
7903,86
7904,100
7905,81
7906,83
7907,87
7908,83
7909,75
7910,89
7911,67
7912,83
7913,79
7914,85
7915,69
7916,88
7917,89
7918,73
7919,85
7920,88
7921,91
7922,78
7923,73
7924,95
7925,78
7926,84
7927,88
7928,76
7929,82
7930,94
7931,74
7932,84
7933,76
7934,79
7935,96
7936,98
7937,86
7938,92
7939,88
7940,79
7941,90
7942,75
7943,81
7944,83
7945,81
7946,75
7947,79
7948,92
7949,99
7950,88
7951,88
7952,80
7953,74
7954,82
7955,86
7956,85
7957,87
7958,86
7959,84
7960,90
7961,78
7962,90
7963,84
7964,98
7965,82
7966,85
7967,84
7968,81
7969,88
7970,84
7971,95
7972,87
7973,84
7974,87
7975,92
7976,89
7977,90
7978,91
7979,76
7980,100
7981,92
7982,88
7983,84
7984,72
7985,86
7986,85
7987,82
7988,82
7989,86
7990,93
7991,93
7992,85
7993,84
7994,81
7995,85
7996,90
7997,91
7998,81
7999,88
8000,91
8001,85
8002,72
8003,82
8004,95
8005,76
8006,97
8007,72
8008,79
8009,81
8010,100
8011,84
8012,83
8013,81
8014,92
8015,84
8016,82
8017,81
8018,93
8019,93
8020,82
8021,80
8022,83
8023,89
8024,90
8025,85
8026,73
8027,89
8028,79
8029,79
8030,85
8031,83
8032,90
8033,84
8034,77
8035,86
8036,95
8037,88
8038,85
8039,93
8040,96
8041,90
8042,80
8043,89
8044,87
8045,85
8046,83
8047,83
8048,84
8049,85
8050,87
8051,90
8052,92
8053,82
8054,83
8055,74
8056,89
8057,89
8058,83
8059,96
8060,75
8061,88
8062,77
8063,89
8064,68
8065,90
8066,89
8067,82
8068,88
8069,78
8070,87
8071,94
8072,77
8073,79
8074,92
8075,98
8076,87
8077,92
8078,82
8079,85
8080,90
8081,83
8082,93
8083,89
8084,90
8085,87
8086,84
8087,93
8088,85
8089,89
8090,85
8091,81
8092,74
8093,99
8094,91
8095,93
8096,80
8097,94
8098,98
8099,95
8100,96
8101,94
8102,78
8103,92
8104,81
8105,80
8106,86
8107,85
8108,87
8109,71
8110,83
8111,88
8112,93
8113,94
8114,90
8115,81
8116,92
8117,86
8118,94
8119,87
8120,88
8121,83
8122,92
8123,88
8124,100
8125,88
8126,92
8127,74
8128,90
8129,82
8130,90
8131,86
8132,95
8133,99
8134,82
8135,91
8136,89
8137,98
8138,89
8139,88
8140,90
8141,94
8142,94
8143,78
8144,81
8145,96
8146,70
8147,83
8148,85
8149,87
8150,95
8151,87
8152,85
8153,84
8154,86
8155,96
8156,85
8157,83
8158,79
8159,87
8160,86
8161,79
8162,95
8163,96
8164,84
8165,86
8166,76
8167,93
8168,87
8169,82
8170,83
8171,97
8172,87
8173,78
8174,90
8175,90
8176,84
8177,95
8178,66
8179,71
8180,94
8181,83
8182,85
8183,75
8184,85
8185,86
8186,98
8187,87
8188,82
8189,87
8190,92
8191,94
8192,88
8193,86
8194,84
8195,77
8196,76
8197,91
8198,91
8199,96
8200,92
8201,95
8202,87
8203,93
8204,77
8205,84
8206,75
8207,84
8208,93
8209,84
8210,89
8211,90
8212,84
8213,87
8214,92
8215,89
8216,80
8217,78
8218,85
8219,80
8220,83
8221,78
8222,91
8223,83
8224,84
8225,78
8226,86
8227,85
8228,84
8229,82
8230,98
8231,72
8232,85
8233,79
8234,93
8235,83
8236,77
8237,86
8238,90
8239,100
8240,73
8241,76
8242,97
8243,73
8244,84
8245,81
8246,84
8247,87
8248,86
8249,95
8250,93
8251,87
8252,86
8253,90
8254,94
8255,95
8256,87
8257,99
8258,84
8259,92
8260,93
8261,80
8262,86
8263,90
8264,83
8265,83
8266,73
8267,79
8268,82
8269,80
8270,78
8271,91
8272,87
8273,99
8274,90
8275,95
8276,83
8277,79
8278,90
8279,93
8280,83
8281,87
8282,90
8283,87
8284,88
8285,77
8286,88
8287,93
8288,86
8289,85
8290,89
8291,89
8292,88
8293,89
8294,85
8295,82
8296,91
8297,84
8298,86
8299,89
8300,89
8301,76
8302,86
8303,97
8304,77
8305,84
8306,100
8307,78
8308,93
8309,82
8310,88
8311,83
8312,87
8313,73
8314,85
8315,81
8316,75
8317,92
8318,69
8319,100
8320,92
8321,74
8322,97
8323,83
8324,79
8325,71
8326,82
8327,79
8328,90
8329,92
8330,75
8331,86
8332,75
8333,86
8334,100
8335,76
8336,77
8337,93
8338,90
8339,77
8340,98
8341,82
8342,96
8343,87
8344,93
8345,87
8346,93
8347,93
8348,92
8349,88
8350,78
8351,83
8352,79
8353,80
8354,96
8355,88
8356,88
8357,92
8358,88
8359,97
8360,69
8361,77
8362,83
8363,78
8364,89
8365,89
8366,98
8367,94
8368,80
8369,87
8370,75
8371,89
8372,85
8373,78
8374,83
8375,79
8376,77
8377,93
8378,95
8379,88
8380,85
8381,79
8382,81
8383,82
8384,82
8385,91
8386,83
8387,89
8388,78
8389,79
8390,90
8391,90
8392,76
8393,86
8394,90
8395,83
8396,86
8397,73
8398,82
8399,88
8400,84
8401,89
8402,83
8403,92
8404,92
8405,90
8406,85
8407,85
8408,84
8409,81
8410,85
8411,84
8412,99
8413,81
8414,91
8415,82
8416,87
8417,91
8418,78
8419,78
8420,79
8421,85
8422,82
8423,93
8424,84
8425,67
8426,86
8427,94
8428,95
8429,82
8430,80
8431,88
8432,87
8433,80
8434,82
8435,84
8436,88
8437,83
8438,77
8439,90
8440,84
8441,84
8442,80
8443,88
8444,77
8445,95
8446,76
8447,89
8448,75
8449,68
8450,84
8451,72
8452,93
8453,84
8454,94
8455,87
8456,86
8457,86
8458,78
8459,81
8460,80
8461,91
8462,86
8463,87
8464,100
8465,85
8466,86
8467,84
8468,92
8469,90
8470,82
8471,100
8472,78
8473,83
8474,94
8475,82
8476,89
8477,81
8478,91
8479,95
8480,83
8481,81
8482,85
8483,84
8484,94
8485,86
8486,88
8487,86
8488,90
8489,83
8490,89
8491,84
8492,81
8493,91
8494,91
8495,96
8496,83
8497,90
8498,92
8499,95
8500,73
8501,84
8502,83
8503,99
8504,73
8505,77
8506,94
8507,85
8508,75
8509,99
8510,74
8511,95
8512,73
8513,78
8514,85
8515,82
8516,86
8517,97
8518,87
8519,99
8520,86
8521,91
8522,72
8523,88
8524,91
8525,85
8526,97
8527,81
8528,73
8529,89
8530,74
8531,89
8532,93
8533,87
8534,86
8535,86
8536,93
8537,75
8538,93
8539,100
8540,92
8541,86
8542,83
8543,81
8544,79
8545,89
8546,89
8547,99
8548,74
8549,67
8550,99
8551,88
8552,85
8553,92
8554,83
8555,100
8556,91
8557,81
8558,81
8559,87
8560,79
8561,96
8562,85
8563,80
8564,87
8565,94
8566,91
8567,79
8568,80
8569,94
8570,73
8571,87
8572,80
8573,93
8574,77
8575,78
8576,88
8577,90
8578,94
8579,87
8580,90
8581,91
8582,74
8583,78
8584,75
8585,69
8586,94
8587,98
8588,88
8589,91
8590,85
8591,88
8592,96
8593,99
8594,84
8595,92
8596,97
8597,89
8598,91
8599,90
8600,74
8601,77
8602,93
8603,80
8604,74
8605,73
8606,81
8607,87
8608,87
8609,94
8610,85
8611,89
8612,90
8613,91
8614,80
8615,86
8616,74
8617,84
8618,84
8619,99
8620,81
8621,89
8622,81
8623,80
8624,91
8625,81
8626,97
8627,74
8628,92
8629,83
8630,84
8631,86
8632,91
8633,86
8634,91
8635,84
8636,77
8637,87
8638,92
8639,85
8640,76
8641,88
8642,86
8643,83
8644,82
8645,83
8646,84
8647,89
8648,81
8649,93
8650,80
8651,96
8652,100
8653,82
8654,79
8655,91
8656,86
8657,88
8658,79
8659,87
8660,82
8661,90
8662,79
8663,83
8664,79
8665,80
8666,83
8667,88
8668,92
8669,89
8670,74
8671,93
8672,79
8673,80
8674,86
8675,82
8676,87
8677,88
8678,79
8679,83
8680,87
8681,91
8682,85
8683,84
8684,81
8685,82
8686,75
8687,79
8688,99
8689,89
8690,97
8691,77
8692,74
8693,86
8694,100
8695,81
8696,85
8697,73
8698,88
8699,83
8700,73
8701,77
8702,80
8703,73
8704,83
8705,88
8706,80
8707,92
8708,81
8709,90
8710,91
8711,99
8712,79
8713,87
8714,77
8715,100
8716,77
8717,87
8718,95
8719,76
8720,92
8721,81
8722,100
8723,71
8724,73
8725,80
8726,80
8727,92
8728,97
8729,96
8730,90
8731,88
8732,84
8733,87
8734,83
8735,89
8736,79
8737,80
8738,84
8739,88
8740,84
8741,79
8742,92
8743,91
8744,97
8745,94
8746,76
8747,83
8748,74
8749,71
8750,99
8751,94
8752,84
8753,97
8754,94
8755,71
8756,90
8757,85
8758,91
8759,100
8760,99
8761,83
8762,94
8763,71
8764,92
8765,88
8766,89
8767,80
8768,87
8769,90
8770,68
8771,82
8772,78
8773,89
8774,94
8775,80
8776,80
8777,89
8778,76
8779,86
8780,82
8781,92
8782,90
8783,85
8784,95
8785,86
8786,85
8787,82
8788,83
8789,81
8790,78
8791,92
8792,83
8793,86
8794,86
8795,84
8796,96
8797,85
8798,78
8799,84
8800,90
8801,87
8802,90
8803,82
8804,78
8805,88
8806,86
8807,86
8808,74
8809,84
8810,81
8811,87
8812,87
8813,88
8814,95
8815,94
8816,90
8817,93
8818,84
8819,79
8820,91
8821,78
8822,89
8823,100
8824,93
8825,83
8826,79
8827,85
8828,91
8829,87
8830,91
8831,87
8832,86
8833,86
8834,78
8835,81
8836,81
8837,92
8838,84
8839,92
8840,86
8841,84
8842,82
8843,84
8844,89
8845,81
8846,80
8847,91
8848,89
8849,86
8850,82
8851,81
8852,87
8853,70
8854,93
8855,83
8856,86
8857,87
8858,82
8859,76
8860,95
8861,77
8862,68
8863,94
8864,78
8865,93
8866,87
8867,90
8868,84
8869,78
8870,81
8871,82
8872,96
8873,79
8874,88
8875,91
8876,82
8877,87
8878,82
8879,83
8880,85
8881,83
8882,89
8883,76
8884,91
8885,76
8886,75
8887,82
8888,81
8889,86
8890,85
8891,77
8892,91
8893,86
8894,86
8895,100
8896,93
8897,85
8898,78
8899,75
8900,92
8901,85
8902,87
8903,80
8904,87
8905,92
8906,95
8907,85
8908,93
8909,87
8910,94
8911,84
8912,78
8913,97
8914,85
8915,86
8916,85
8917,83
8918,87
8919,87
8920,78
8921,100
8922,81
8923,86
8924,88
8925,77
8926,82
8927,75
8928,98
8929,86
8930,83
8931,98
8932,78
8933,97
8934,88
8935,74
8936,85
8937,91
8938,88
8939,88
8940,84
8941,79
8942,86
8943,98
8944,82
8945,85
8946,84
8947,74
8948,87
8949,75
8950,80
8951,76
8952,73
8953,97
8954,88
8955,90
8956,94
8957,83
8958,84
8959,91
8960,99
8961,75
8962,100
8963,79
8964,85
8965,85
8966,85
8967,98
8968,91
8969,91
8970,95
8971,86
8972,79
8973,87
8974,88
8975,82
8976,97
8977,88
8978,80
8979,77
8980,88
8981,91
8982,91
8983,91
8984,78
8985,85
8986,82
8987,83
8988,83
8989,83
8990,93
8991,77
8992,75
8993,83
8994,94
8995,86
8996,72
8997,92
8998,88
8999,81
9000,82
9001,75
9002,85
9003,75
9004,82
9005,86
9006,89
9007,84
9008,89
9009,76
9010,83
9011,88
9012,97
9013,80
9014,82
9015,92
9016,99
9017,90
9018,76
9019,76
9020,85
9021,87
9022,86
9023,76
9024,96
9025,82
9026,92
9027,72
9028,96
9029,83
9030,93
9031,88
9032,78
9033,86
9034,100
9035,84
9036,96
9037,87
9038,93
9039,89
9040,87
9041,97
9042,93
9043,82
9044,91
9045,80
9046,89
9047,96
9048,83
9049,78
9050,77
9051,85
9052,78
9053,74
9054,76
9055,92
9056,83
9057,84
9058,77
9059,80
9060,80
9061,86
9062,76
9063,92
9064,88
9065,85
9066,90
9067,90
9068,80
9069,92
9070,88
9071,86
9072,95
9073,90
9074,89
9075,98
9076,84
9077,84
9078,94
9079,83
9080,87
9081,84
9082,68
9083,92
9084,73
9085,83
9086,94
9087,90
9088,96
9089,74
9090,86
9091,82
9092,91
9093,94
9094,75
9095,84
9096,94
9097,86
9098,100
9099,81
9100,82
9101,76
9102,85
9103,67
9104,86
9105,93
9106,74
9107,77
9108,92
9109,97
9110,75
9111,96
9112,87
9113,95
9114,82
9115,98
9116,82
9117,86
9118,91
9119,81
9120,73
9121,85
9122,82
9123,79
9124,93
9125,100
9126,82
9127,85
9128,81
9129,100
9130,87
9131,94
9132,96
9133,85
9134,83
9135,95
9136,93
9137,78
9138,83
9139,85
9140,96
9141,98
9142,100
9143,79
9144,85
9145,81
9146,83
9147,91
9148,84
9149,93
9150,80
9151,89
9152,81
9153,75
9154,77
9155,85
9156,97
9157,85
9158,83
9159,87
9160,80
9161,85
9162,89
9163,81
9164,76
9165,83
9166,92
9167,89
9168,93
9169,93
9170,78
9171,79
9172,83
9173,83
9174,84
9175,83
9176,82
9177,89
9178,77
9179,81
9180,92
9181,93
9182,82
9183,94
9184,94
9185,97
9186,89
9187,100
9188,84
9189,94
9190,94
9191,87
9192,79
9193,80
9194,87
9195,76
9196,81
9197,92
9198,89
9199,68
9200,79
9201,100
9202,92
9203,80
9204,74
9205,75
9206,88
9207,100
9208,100
9209,73
9210,82
9211,82
9212,89
9213,79
9214,84
9215,82
9216,88
9217,84
9218,85
9219,88
9220,95
9221,100
9222,87
9223,87
9224,93
9225,92
9226,90
9227,77
9228,92
9229,87
9230,82
9231,83
9232,88
9233,66
9234,87
9235,79
9236,83
9237,85
9238,74
9239,95
9240,69
9241,89
9242,78
9243,98
9244,84
9245,73
9246,88
9247,80
9248,91
9249,88
9250,98
9251,85
9252,94
9253,88
9254,84
9255,91
9256,75
9257,88
9258,84
9259,94
9260,81
9261,81
9262,84
9263,98
9264,84
9265,81
9266,79
9267,81
9268,87
9269,84
9270,84
9271,96
9272,76
9273,100
9274,96
9275,82
9276,87
9277,79
9278,86
9279,99
9280,83
9281,82
9282,79
9283,80
9284,85
9285,80
9286,86
9287,88
9288,81
9289,72
9290,87
9291,84
9292,97
9293,84
9294,91
9295,85
9296,97
9297,81
9298,88
9299,94
9300,89
9301,100
9302,80
9303,94
9304,92
9305,84
9306,97
9307,83
9308,84
9309,84
9310,75
9311,93
9312,88
9313,87
9314,100
9315,81
9316,76
9317,100
9318,95
9319,88
9320,82
9321,86
9322,75
9323,82
9324,82
9325,90
9326,90
9327,81
9328,93
9329,85
9330,89
9331,86
9332,89
9333,79
9334,72
9335,74
9336,84
9337,73
9338,95
9339,83
9340,90
9341,94
9342,84
9343,100
9344,100
9345,94
9346,78
9347,94
9348,76
9349,98
9350,66
9351,86
9352,96
9353,87
9354,74
9355,85
9356,87
9357,85
9358,81
9359,94
9360,96
9361,83
9362,95
9363,87
9364,85
9365,93
9366,97
9367,80
9368,79
9369,96
9370,83
9371,88
9372,82
9373,93
9374,100
9375,88
9376,100
9377,80
9378,82
9379,93
9380,82
9381,89
9382,84
9383,73
9384,76
9385,86
9386,87
9387,74
9388,85
9389,85
9390,83
9391,78
9392,90
9393,83
9394,95
9395,79
9396,89
9397,79
9398,82
9399,80
9400,82
9401,84
9402,80
9403,94
9404,96
9405,94
9406,93
9407,89
9408,93
9409,82
9410,100
9411,81
9412,80
9413,74
9414,79
9415,73
9416,85
9417,94
9418,84
9419,74
9420,81
9421,94
9422,82
9423,82
9424,77
9425,81
9426,79
9427,87
9428,87
9429,82
9430,89
9431,87
9432,75
9433,97
9434,79
9435,92
9436,76
9437,85
9438,85
9439,100
9440,82
9441,93
9442,90
9443,97
9444,72
9445,91
9446,65
9447,88
9448,95
9449,98
9450,93
9451,86
9452,88
9453,100
9454,85
9455,91
9456,81
9457,91
9458,90
9459,80
9460,93
9461,90
9462,89
9463,88
9464,93
9465,77
9466,88
9467,85
9468,92
9469,77
9470,86
9471,81
9472,89
9473,87
9474,79
9475,93
9476,91
9477,82
9478,82
9479,94
9480,91
9481,77
9482,79
9483,92
9484,93
9485,87
9486,82
9487,94
9488,82
9489,78
9490,99
9491,91
9492,83
9493,85
9494,88
9495,86
9496,86
9497,82
9498,90
9499,88
9500,73
9501,86
9502,84
9503,63
9504,83
9505,91
9506,83
9507,89
9508,84
9509,81
9510,79
9511,75
9512,90
9513,93
9514,86
9515,74
9516,87
9517,78
9518,85
9519,77
9520,89
9521,83
9522,67
9523,99
9524,82
9525,82
9526,92
9527,84
9528,87
9529,76
9530,87
9531,75
9532,86
9533,98
9534,73
9535,86
9536,69
9537,88
9538,87
9539,87
9540,80
9541,73
9542,79
9543,97
9544,94
9545,87
9546,89
9547,77
9548,93
9549,83
9550,87
9551,79
9552,83
9553,93
9554,77
9555,93
9556,80
9557,82
9558,88
9559,91
9560,82
9561,88
9562,92
9563,79
9564,73
9565,86
9566,93
9567,82
9568,95
9569,86
9570,96
9571,100
9572,95
9573,72
9574,67
9575,84
9576,90
9577,88
9578,79
9579,78
9580,95
9581,97
9582,83
9583,94
9584,100
9585,87
9586,87
9587,88
9588,82
9589,93
9590,81
9591,84
9592,78
9593,86
9594,81
9595,86
9596,72
9597,91
9598,78
9599,100
9600,94
9601,88
9602,73
9603,80
9604,78
9605,79
9606,95
9607,87
9608,83
9609,83
9610,84
9611,88
9612,73
9613,85
9614,87
9615,72
9616,78
9617,84
9618,94
9619,92
9620,80
9621,98
9622,82
9623,82
9624,85
9625,90
9626,80
9627,85
9628,79
9629,90
9630,95
9631,91
9632,78
9633,81
9634,93
9635,90
9636,84
9637,84
9638,88
9639,86
9640,84
9641,90
9642,76
9643,93
9644,78
9645,92
9646,87
9647,81
9648,94
9649,89
9650,88
9651,100
9652,95
9653,82
9654,68
9655,85
9656,98
9657,92
9658,99
9659,80
9660,83
9661,83
9662,86
9663,93
9664,99
9665,97
9666,96
9667,89
9668,82
9669,86
9670,93
9671,85
9672,78
9673,85
9674,90
9675,82
9676,88
9677,87
9678,82
9679,87
9680,85
9681,83
9682,81
9683,87
9684,88
9685,96
9686,78
9687,99
9688,86
9689,80
9690,85
9691,75
9692,73
9693,96
9694,83
9695,92
9696,87
9697,88
9698,87
9699,69
9700,93
9701,87
9702,80
9703,91
9704,83
9705,85
9706,87
9707,89
9708,83
9709,81
9710,87
9711,86
9712,75
9713,85
9714,80
9715,90
9716,78
9717,76
9718,96
9719,90
9720,84
9721,87
9722,94
9723,84
9724,80
9725,86
9726,91
9727,92
9728,88
9729,88
9730,82
9731,95
9732,93
9733,75
9734,96
9735,100
9736,88
9737,95
9738,83
9739,84
9740,83
9741,85
9742,75
9743,83
9744,94
9745,75
9746,89
9747,85
9748,86
9749,87
9750,91
9751,85
9752,91
9753,92
9754,95
9755,88
9756,86
9757,83
9758,96
9759,83
9760,83
9761,100
9762,75
9763,90
9764,88
9765,82
9766,81
9767,83
9768,81
9769,87
9770,90
9771,72
9772,76
9773,88
9774,92
9775,74
9776,94
9777,84
9778,89
9779,78
9780,74
9781,86
9782,86
9783,82
9784,85
9785,96
9786,76
9787,78
9788,81
9789,88
9790,89
9791,90
9792,96
9793,87
9794,72
9795,76
9796,92
9797,96
9798,92
9799,78
9800,82
9801,81
9802,81
9803,90
9804,100
9805,81
9806,93
9807,78
9808,77
9809,91
9810,82
9811,93
9812,98
9813,82
9814,93
9815,78
9816,82
9817,92
9818,77
9819,88
9820,93
9821,93
9822,81
9823,95
9824,76
9825,79
9826,90
9827,87
9828,77
9829,97
9830,75
9831,84
9832,89
9833,76
9834,97
9835,83
9836,85
9837,86
9838,74
9839,80
9840,95
9841,84
9842,65
9843,82
9844,88
9845,86
9846,74
9847,84
9848,78
9849,86
9850,88
9851,87
9852,98
9853,99
9854,76
9855,85
9856,93
9857,87
9858,69
9859,83
9860,97
9861,74
9862,86
9863,75
9864,90
9865,90
9866,80
9867,85
9868,78
9869,95
9870,82
9871,88
9872,81
9873,99
9874,99
9875,99
9876,99
9877,80
9878,82
9879,98
9880,87
9881,94
9882,80
9883,80
9884,90
9885,70
9886,89
9887,88
9888,80
9889,84
9890,85
9891,90
9892,93
9893,78
9894,100
9895,87
9896,83
9897,98
9898,71
9899,100
9900,89
9901,84
9902,76
9903,75
9904,82
9905,90
9906,88
9907,86
9908,84
9909,97
9910,100
9911,94
9912,81
9913,88
9914,88
9915,95
9916,82
9917,81
9918,92
9919,87
9920,76
9921,93
9922,100
9923,83
9924,82
9925,88
9926,89
9927,83
9928,92
9929,86
9930,91
9931,83
9932,79
9933,86
9934,75
9935,91
9936,70
9937,85
9938,82
9939,81
9940,82
9941,88
9942,97
9943,77
9944,87
9945,88
9946,84
9947,81
9948,76
9949,97
9950,89
9951,86
9952,99
9953,86
9954,100
9955,78
9956,86
9957,74
9958,87
9959,83
9960,85
9961,88
9962,81
9963,87
9964,83
9965,94
9966,76
9967,85
9968,76
9969,82
9970,83
9971,83
9972,89
9973,80
9974,81
9975,81
9976,77
9977,96
9978,78
9979,89
9980,96
9981,96
9982,87
9983,84
9984,93
9985,87
9986,94
9987,83
9988,95
9989,82
9990,97
9991,87
9992,77
9993,89
9994,93
9995,99
9996,77
9997,76
9998,87
9999,87
10000,74
